,city_name_en,countrycode,unit_configuration_label,is_city_center,zip,in_best_district,checkin,hotel_name_trans,cc_required,badges,id,is_smart_deal,url,accommodation_type,distance_to_cc,district,currencycode,city,distance,cant_book,address,default_language,district_id,address_trans,block_ids,main_photo_url,class,class_is_estimated,default_wishlist_name,price_is_final,min_total_price,composite_price_breakdown,latitude,main_photo_id,price_breakdown,mobile_discount_percentage,cc1,longitude,is_genius_deal,checkout,city_in_trans,extended,is_geo_rate,city_trans,currency_code,is_free_cancellable,distances,is_mobile_deal,wishlist_count,preferred,districts,is_wholesaler_candidate,review_score_word,review_recommendation,genius_discount_percentage,accommodation_type_name,is_no_prepayment_block,preferred_plus,children_not_allowed,hotel_id,selected_review_topic,hotel_facilities,timezone,is_beach_front,type,review_nr,country_trans,soldout,hotel_has_vb_boost,ufi,bwallet,review_score,hotel_name,hotel_include_breakfast,max_photo_url,max_1440_photo_url,urgency_message,ribbon_text
0,New York (New York),us,Social City View King<br/><b>Hotel room</b>: 1 bed,0,NY 10019,0,"{'until': '', 'from': '16:00'}",M Social Hotel Times Square New York,1,[],property_card_57473,0,https://www.booking.com/hotel/us/new-york-times-square.html,204,0.65,Manhattan,USD,New York (New York),0.65,,226 West 52nd Street,en,929,226 West 52nd Street,['5747329_246032713_2_2_0'],https://cf.bstatic.com/xdata/images/hotel/square60/310567062.jpg?k=00e8735b50d7983d29693abfd6ab0d257ff0a09159bc9cce530a9ea6530d9629&o=,4.0,0,New York,0,5909.971,"{'net_amount': {'currency': 'USD', 'value': 4617.6}, 'included_taxes_and_charges_amount': {'value': 1292.371, 'currency': 'USD'}, 'gross_amount_per_night': {'currency': 'USD', 'value': 422.140785714286}, 'benefits': [], 'excluded_amount': {'currency': 'USD', 'value': 0}, 'all_inclusive_amount': {'currency': 'USD', 'value': 5909.971}, 'product_price_breakdowns': [{'items': [{'item_amount': {'value': 753.371, 'currency': 'USD'}, 'base': {'kind': 'percentage', 'percentage': 14.75}, 'name': 'TAX', 'details': '14.75 % TAX', 'kind': 'charge', 'inclusion_type': 'included'}, {'kind': 'charge', 'details': 'City tax', 'name': 'City tax', 'base': {'kind': 'per_night', 'base_amount': 3.5}, 'item_amount': {'currency': 'USD', 'value': 49}, 'inclusion_type': 'included'}, {'inclusion_type': 'included', 'kind': 'charge', 'details': 'Resort fee', 'name': 'Resort fee', 'base': {'base_amount': 35.0, 'kind': 'per_night'}, 'item_amount': {'value': 490, 'currency': 'USD'}}], 'gross_amount': {'currency': 'USD', 'value': 5909.971}, 'net_amount': {'currency': 'USD', 'value': 4617.6}, 'included_taxes_and_charges_amount': {'value': 1292.371, 'currency': 'USD'}, 'benefits': [], 'gross_amount_per_night': {'value': 422.140785714286, 'currency': 'USD'}, 'excluded_amount': {'currency': 'USD', 'value': 0}, 'all_inclusive_amount': {'currency': 'USD', 'value': 5909.971}}], 'items': [{'item_amount': {'value': 753.371, 'currency': 'USD'}, 'base': {'percentage': 14.75, 'kind': 'percentage'}, 'name': 'TAX', 'kind': 'charge', 'details': '14.75 % TAX', 'inclusion_type': 'included'}, {'inclusion_type': 'included', 'item_amount': {'value': 49, 'currency': 'USD'}, 'name': 'City tax', 'base': {'base_amount': 3.5, 'kind': 'per_night'}, 'kind': 'charge', 'details': 'City tax'}, {'item_amount': {'value': 490, 'currency': 'USD'}, 'details': 'Resort fee', 'kind': 'charge', 'base': {'base_amount': 35.0, 'kind': 'per_night'}, 'name': 'Resort fee', 'inclusion_type': 'included'}], 'gross_amount': {'currency': 'USD', 'value': 5909.971}}",40.76280018648,310567062,"{'has_fine_print_charges': 1, 'has_tax_exceptions': 0, 'sum_excluded_raw': '0.00', 'gross_price': 5909.97, 'currency': 'USD', 'all_inclusive_price': 5909.97, 'has_incalculable_charges': 0}",0.0,us,-73.9836555719375,0,"{'from': '11:00', 'until': '11:30'}",in New York,0,,New York,USD,1,[],0,0,1,"929,970,981,1174,2306",1,Very Good,,0,Hotel,1,0,,57473,,"16,80,158,222,185,461,459,449,451,422,60,204,109,15,20,305,110,184,118,145,124,452,203,462,163,143,11,13,471,180,7,468,51,91,486,107,108,454,460,423,467,53,457,161,92,450,464,25,485,5,172,458,28,49,487,43,2,111,488,41,47,6,22,455,466,456,453,23,4,424,418,29,3,67,96,437,48,8,181,179,470",America/New_York,0,property_card,2328,United States of America,0,0,20088325,{'hotel_eligibility': 0},8.5,M Social Hotel Times Square New York,0.0,https://cf.bstatic.com/xdata/images/hotel/max1280x900/310567062.jpg?k=00e8735b50d7983d29693abfd6ab0d257ff0a09159bc9cce530a9ea6530d9629&o=,https://cf.bstatic.com/xdata/images/hotel/1440x1440/310567062.jpg?k=00e8735b50d7983d29693abfd6ab0d257ff0a09159bc9cce530a9ea6530d9629&o=,,
1,New York (New York),us,Classic 1 King Bed <br/><b>Hotel room</b>: 1 bed,0,NY 10036,0,"{'until': '', 'from': '15:00'}",Hotel Edison Times Square,1,"[{'badge_variant': 'constructive', 'id': 'mobile_price', 'text': 'Mobile-only price'}]",property_card_1169919,0,https://www.booking.com/hotel/us/edison-triumph-group.html,204,1.05,Manhattan,USD,New York (New York),0.24,,228 West 47th Street,xu,929,228 West 47th Street,['116991928_334385517_2_1_0'],https://cf.bstatic.com/xdata/images/hotel/square60/63502504.jpg?k=500e187dddc5ee2cd7f118a335e861f14f925d4db791e9d1d53332ab64cbce84&o=,4.0,0,New York,0,4150.27975,"{'items': [{'inclusion_type': 'included', 'item_amount': {'value': 527.17975, 'currency': 'USD'}, 'kind': 'charge', 'details': '14.75 % TAX', 'base': {'kind': 'percentage', 'percentage': 14.75}, 'name': 'TAX'}, {'inclusion_type': 'included', 'item_amount': {'currency': 'USD', 'value': 49}, 'details': 'City tax', 'kind': 'charge', 'base': {'base_amount': 3.5, 'kind': 'per_night'}, 'name': 'City tax'}, {'inclusion_type': 'included', 'item_amount': {'value': 434, 'currency': 'USD'}, 'base': {'base_amount': 31.0, 'kind': 'per_night'}, 'name': 'Resort fee', 'details': 'Resort fee', 'kind': 'charge'}, {'identifier': 'mobile-discount', 'item_amount': {'currency': 'USD', 'value': 400.36275}, 'base': {'kind': 'rate'}, 'name': 'Mobile-only price', 'kind': 'discount', 'details': ""You're getting a reduced rate because you're using our mobile site.""}], 'strikethrough_amount': {'currency': 'USD', 'value': 4550.6425}, 'gross_amount_per_night': {'value': 296.448553571429, 'currency': 'USD'}, 'strikethrough_amount_per_night': {'value': 325.045892857143, 'currency': 'USD'}, 'all_inclusive_amount': {'currency': 'USD', 'value': 4150.27975}, 'excluded_amount': {'currency': 'USD', 'value': 0}, 'discounted_amount': {'currency': 'USD', 'value': 400.36275}, 'product_price_breakdowns': [{'included_taxes_and_charges_amount': {'value': 1010.17975, 'currency': 'USD'}, 'benefits': [{'badge_variant': 'constructive', 'icon': None, 'identifier': 'mobile-rate', 'name': 'Mobile-only price', 'kind': 'badge', 'details': 'You’re getting a reduced rate because this property is offering a discount when you book from a mobile device.'}], 'gross_amount_per_night': {'value': 296.448553571429, 'currency': 'USD'}, 'strikethrough_amount': {'currency': 'USD', 'value': 4550.6425}, 'net_amount': {'currency': 'USD', 'value': 3140.1}, 'all_inclusive_amount': {'value': 4150.27975, 'currency': 'USD'}, 'strikethrough_amount_per_night': {'currency': 'USD', 'value': 325.045892857143}, 'excluded_amount': {'value': 0, 'currency': 'USD'}, 'discounted_amount': {'currency': 'USD', 'value': 400.36275}, 'items': [{'item_amount': {'value': 527.17975, 'currency': 'USD'}, 'kind': 'charge', 'details': '14.75 % TAX', 'base': {'percentage': 14.75, 'kind': 'percentage'}, 'name': 'TAX', 'inclusion_type': 'included'}, {'details': 'City tax', 'kind': 'charge', 'name': 'City tax', 'base': {'kind': 'per_night', 'base_amount': 3.5}, 'item_amount': {'currency': 'USD', 'value': 49}, 'inclusion_type': 'included'}, {'item_amount': {'currency': 'USD', 'value': 434}, 'details': 'Resort fee', 'kind': 'charge', 'name': 'Resort fee', 'base': {'kind': 'per_night', 'base_amount': 31.0}, 'inclusion_type': 'included'}, {'identifier': 'mobile-discount', 'item_amount': {'currency': 'USD', 'value': 400.36275}, 'kind': 'discount', 'details': ""You're getting a reduced rate because you're using our mobile site."", 'base': {'kind': 'rate'}, 'name': 'Mobile-only price'}], 'gross_amount': {'value': 4150.27975, 'currency': 'USD'}}], 'gross_amount': {'value': 4150.27975, 'currency': 'USD'}, 'net_amount': {'value': 3140.1, 'currency': 'USD'}, 'included_taxes_and_charges_amount': {'currency': 'USD', 'value': 1010.17975}, 'benefits': [{'badge_variant': 'constructive', 'icon': None, 'identifier': 'mobile-rate', 'details': 'You’re getting a reduced rate because this property is offering a discount when you book from a mobile device.', 'kind': 'badge', 'name': 'Mobile-only price'}]}",40.7596825,63502504,"{'currency': 'USD', 'has_incalculable_charges': 0, 'all_inclusive_price': 4150.28, 'has_fine_print_charges': 1, 'sum_excluded_raw': '0.00', 'has_tax_exceptions': 0, 'gross_price': 4150.28}",400.36275,us,-73.9863504,0,"{'from': '12:00', 'until': '12:30'}",in New York,0,,New York,USD,1,[],1,0,1,"929,970,981,1174,2306",1,Good,,0,Hotel,1,0,,1169919,,"51,91,468,45,53,467,423,460,454,108,464,25,425,450,457,458,44,5,253,111,43,2,81,49,28,466,420,455,6,22,41,89,129,3,437,48,418,453,456,23,181,8,304,101,16,404,158,80,459,461,136,140,135,60,422,147,449,451,15,20,109,305,452,124,145,421,17,11,143,134,462,7,13,78,471",America/New_York,0,property_card,10695,United States of America,0,0,20088325,{'hotel_eligibility': 0},7.7,Hotel Edison Times Square,,https://cf.bstatic.com/xdata/images/hotel/max1280x900/63502504.jpg?k=500e187dddc5ee2cd7f118a335e861f14f925d4db791e9d1d53332ab64cbce84&o=,https://cf.bstatic.com/xdata/images/hotel/1440x1440/63502504.jpg?k=500e187dddc5ee2cd7f118a335e861f14f925d4db791e9d1d53332ab64cbce84&o=,Only 1 left at this price on Booking.com,Breakfast included
2,New York (New York),us,Double Room<br/><b>Hotel room</b>: 1 bed,0,NY 10018,0,"{'until': '', 'from': '16:00'}",MOXY NYC Times Square,1,[],property_card_2219519,0,https://www.booking.com/hotel/us/moxy-nyc-times-square.html,204,1.90,Manhattan,USD,New York (New York),0.65,,485 7th Avenue,en,929,485 7th Avenue,['221951902_274262934_0_40_0'],https://cf.bstatic.com/xdata/images/hotel/square60/123731236.jpg?k=50ab5927988ae177e4dd9be7ee5321ec6a2289d3ac4c2f7bc9f3f7e181e9c9b5&o=,4.0,0,New York,0,4249.9975,"{'net_amount': {'currency': 'USD', 'value': 3661}, 'included_taxes_and_charges_amount': {'currency': 'USD', 'value': 588.9975}, 'benefits': [], 'gross_amount_per_night': {'value': 303.57125, 'currency': 'USD'}, 'all_inclusive_amount': {'value': 4249.9975, 'currency': 'USD'}, 'excluded_amount': {'value': 0, 'currency': 'USD'}, 'product_price_breakdowns': [{'excluded_amount': {'value': 0, 'currency': 'USD'}, 'all_inclusive_amount': {'currency': 'USD', 'value': 4249.9975}, 'net_amount': {'value': 3661, 'currency': 'USD'}, 'benefits': [], 'gross_amount_per_night': {'currency': 'USD', 'value': 303.57125}, 'included_taxes_and_charges_amount': {'currency': 'USD', 'value': 588.9975}, 'gross_amount': {'currency': 'USD', 'value': 4249.9975}, 'items': [{'item_amount': {'value': 539.9975, 'currency': 'USD'}, 'details': '14.75 % TAX', 'kind': 'charge', 'base': {'kind': 'percentage', 'percentage': 14.75}, 'name': 'TAX', 'inclusion_type': 'included'}, {'inclusion_type': 'included', 'item_amount': {'value': 49, 'currency': 'USD'}, 'details': 'City tax', 'kind': 'charge', 'name': 'City tax', 'base': {'kind': 'per_night', 'base_amount': 3.5}}, {'inclusion_type': 'deposit', 'details': 'Damage deposit', 'kind': 'charge', 'base': {'kind': 'per_stay', 'base_amount': 100.0}, 'name': 'Damage deposit', 'item_amount': {'currency': 'USD', 'value': 100}}]}], 'items': [{'kind': 'charge', 'details': '14.75 % TAX', 'name': 'TAX', 'base': {'percentage': 14.75, 'kind': 'percentage'}, 'item_amount': {'value': 539.9975, 'currency': 'USD'}, 'inclusion_type': 'included'}, {'inclusion_type': 'included', 'item_amount': {'value': 49, 'currency': 'USD'}, 'kind': 'charge', 'details': 'City tax', 'base': {'kind': 'per_night', 'base_amount': 3.5}, 'name': 'City tax'}, {'inclusion_type': 'deposit', 'details': 'Damage deposit', 'kind': 'charge', 'base': {'base_amount': 100.0, 'kind': 'per_stay'}, 'name': 'Damage deposit', 'item_amount': {'currency': 'USD', 'value': 100}}], 'gross_amount': {'value': 4249.9975, 'currency': 'USD'}}",40.752419,123731236,"{'currency': 'USD', 'all_inclusive_price': 4250.0, 'has_incalculable_charges': 0, 'has_fine_print_charges': 1, 'sum_excluded_raw': '0.00', 'has_tax_exceptions': 0, 'gross_price': '4250.00'}",0.0,us,-73.989375,0,"{'from': '', 'until': '12:00'}",in New York,0,,New York,USD,1,[],0,0,1,"929,970,977,1174",1,Very Good,,0,Hotel,1,0,,2219519,,"235,226,92,457,436,25,425,450,423,108,467,448,91,51,97,233,468,107,255,234,8,27,424,456,453,23,4,3,96,48,418,47,455,420,6,49,253,111,2,109,407,186,15,20,449,147,451,408,422,126,133,75,16,80,185,13,187,7,143,163,462,188,11,439,421,211,203,305,170,117,77",America/New_York,0,property_card,11330,United States of America,0,0,20088325,{'hotel_eligibility': 0},8.2,MOXY NYC Times Square,0.0,https://cf.bstatic.com/xdata/images/hotel/max1280x900/123731236.jpg?k=50ab5927988ae177e4dd9be7ee5321ec6a2289d3ac4c2f7bc9f3f7e181e9c9b5&o=,https://cf.bstatic.com/xdata/images/hotel/1440x1440/123731236.jpg?k=50ab5927988ae177e4dd9be7ee5321ec6a2289d3ac4c2f7bc9f3f7e181e9c9b5&o=,Only 4 left at this price on Booking.com,
3,New York (New York),us,Standard Studio King<br/><b>Private studio – 30m²</b>: 1 bed • 1 bedroom • 1 bathroom,0,NY 10018,0,"{'from': '16:00', 'until': '00:00'}",TBA Times Square,1,"[{'badge_variant': 'constructive', 'id': 'mobile_price', 'text': 'Mobile-only price'}]",property_card_6162805,0,https://www.booking.com/hotel/us/tba-times-square.html,204,1.60,Hell's Kitchen,USD,New York (New York),0.41,,340 West 40th Street,en,1833,340 West 40th Street,['616280501_328977158_2_0_0'],https://cf.bstatic.com/xdata/images/hotel/square60/241168521.jpg?k=aea7681084eacd4f263695351e63644919c7da0659019d584746c090028b63f6&o=,3.0,0,New York,0,3532.5815,"{'gross_amount_per_night': {'currency': 'USD', 'value': 252.32725}, 'strikethrough_amount': {'value': 3916.535, 'currency': 'USD'}, 'all_inclusive_amount': {'value': 3532.5815, 'currency': 'USD'}, 'excluded_amount': {'currency': 'USD', 'value': 0}, 'strikethrough_amount_per_night': {'currency': 'USD', 'value': 279.7525}, 'items': [{'inclusion_type': 'included', 'item_amount': {'value': 444.1815, 'currency': 'USD'}, 'kind': 'charge', 'details': '14.75 % TAX', 'base': {'kind': 'percentage', 'percentage': 14.75}, 'name': 'TAX'}, {'base': {'base_amount': 5.5, 'kind': 'per_night'}, 'name': 'City tax', 'details': 'City tax', 'kind': 'charge', 'item_amount': {'value': 77, 'currency': 'USD'}, 'inclusion_type': 'included'}, {'identifier': 'mobile-discount', 'name': 'Mobile-only price', 'base': {'kind': 'rate'}, 'kind': 'discount', 'details': ""You're getting a reduced rate because you're using our mobile site."", 'item_amount': {'currency': 'USD', 'value': 383.9535}}], 'benefits': [{'badge_variant': 'constructive', 'icon': None, 'identifier': 'mobile-rate', 'details': 'You’re getting a reduced rate because this property is offering a discount when you book from a mobile device.', 'kind': 'badge', 'name': 'Mobile-only price'}], 'included_taxes_and_charges_amount': {'value': 521.1815, 'currency': 'USD'}, 'net_amount': {'value': 3011.4, 'currency': 'USD'}, 'discounted_amount': {'currency': 'USD', 'value': 383.9535}, 'gross_amount': {'currency': 'USD', 'value': 3532.5815}, 'product_price_breakdowns': [{'items': [{'inclusion_type': 'included', 'item_amount': {'value': 444.1815, 'currency': 'USD'}, 'base': {'kind': 'percentage', 'percentage': 14.75}, 'name': 'TAX', 'kind': 'charge', 'details': '14.75 % TAX'}, {'item_amount': {'value': 77, 'currency': 'USD'}, 'base': {'kind': 'per_night', 'base_amount': 5.5}, 'name': 'City tax', 'details': 'City tax', 'kind': 'charge', 'inclusion_type': 'included'}, {'identifier': 'mobile-discount', 'details': ""You're getting a reduced rate because you're using our mobile site."", 'kind': 'discount', 'name': 'Mobile-only price', 'base': {'kind': 'rate'}, 'item_amount': {'value': 383.9535, 'currency': 'USD'}}], 'gross_amount': {'currency': 'USD', 'value': 3532.5815}, 'discounted_amount': {'value': 383.9535, 'currency': 'USD'}, 'strikethrough_amount_per_night': {'value': 279.7525, 'currency': 'USD'}, 'excluded_amount': {'currency': 'USD', 'value': 0}, 'all_inclusive_amount': {'value': 3532.5815, 'currency': 'USD'}, 'included_taxes_and_charges_amount': {'value': 521.1815, 'currency': 'USD'}, 'gross_amount_per_night': {'value': 252.32725, 'currency': 'USD'}, 'benefits': [{'badge_variant': 'constructive', 'icon': None, 'identifier': 'mobile-rate', 'details': 'You’re getting a reduced rate because this property is offering a discount when you book from a mobile device.', 'kind': 'badge', 'name': 'Mobile-only price'}], 'strikethrough_amount': {'currency': 'USD', 'value': 3916.535}, 'net_amount': {'currency': 'USD', 'value': 3011.4}}]}",40.756511,241168521,"{'has_fine_print_charges': 1, 'has_tax_exceptions': 0, 'sum_excluded_raw': '0.00', 'gross_price': 3532.58, 'currency': 'USD', 'has_incalculable_charges': 0, 'all_inclusive_price': 3532.58}",383.9535,us,-73.99269,0,"{'until': '11:00', 'from': '11:00'}",in New York,0,,New York,USD,1,[],1,0,1,"1833,929,970,977,1174,2306,4338",1,Good,,0,Hotel,1,0,,6162805,,"466,420,463,455,6,488,2,49,81,28,484,8,48,418,497,424,23,4,456,453,467,423,460,108,454,486,51,91,468,458,485,25,464,425,450,159,457,124,145,439,117,419,110,305,78,13,11,143,462,459,207,461,101,158,80,16,20,109,422,451,449,511",America/New_York,0,property_card,904,United States of America,0,0,20088325,{'hotel_eligibility': 0},7.4,TBA Times Square,0.0,https://cf.bstatic.com/xdata/images/hotel/max1280x900/241168521.jpg?k=aea7681084eacd4f263695351e63644919c7da0659019d584746c090028b63f6&o=,https://cf.bstatic.com/xdata/images/hotel/1440x1440/241168521.jpg?k=aea7681084eacd4f263695351e63644919c7da0659019d584746c090028b63f6&o=,,
4,New York (New York),us,King Room - Disability Access<br/><b>Hotel room</b>: 1 bed,0,NY 10019,0,"{'from': '15:00', 'until': ''}",Hilton Garden Inn Times Square,1,"[{'id': 'mobile_price', 'badge_variant': 'constructive', 'text': 'Mobile-only price'}]",property_card_41653,0,https://www.booking.com/hotel/us/hilton-garden-inn-times-square.html,204,0.90,Manhattan,USD,New York (New York),0.38,,790 Eighth Avenue,en,929,790 Eighth Avenue,['4165316_278649532_2_2_0'],https://cf.bstatic.com/xdata/images/hotel/square60/94345500.jpg?k=e56143814d0db0116ea4901f05254a1b6b8dd5b1ee74ccd337e15391b98fdde0&o=,3.0,0,New York,0,5046.47725,"{'benefits': [{'icon': None, 'identifier': 'mobile-rate', 'badge_variant': 'constructive', 'kind': 'badge', 'details': 'You’re getting a reduced rate because this property is offering a discount when you book from a mobile device.', 'name': 'Mobile-only price'}], 'included_taxes_and_charges_amount': {'value': 691.37725, 'currency': 'USD'}, 'net_amount': {'value': 4355.1, 'currency': 'USD'}, 'gross_amount': {'currency': 'USD', 'value': 5046.47725}, 'product_price_breakdowns': [{'discounted_amount': {'currency': 'USD', 'value': 555.27525}, 'gross_amount': {'currency': 'USD', 'value': 5046.47725}, 'items': [{'inclusion_type': 'included', 'item_amount': {'value': 642.37725, 'currency': 'USD'}, 'base': {'kind': 'percentage', 'percentage': 14.75}, 'name': 'TAX', 'kind': 'charge', 'details': '14.75 % TAX'}, {'inclusion_type': 'included', 'details': 'City tax', 'kind': 'charge', 'base': {'base_amount': 3.5, 'kind': 'per_night'}, 'name': 'City tax', 'item_amount': {'value': 49, 'currency': 'USD'}}, {'identifier': 'mobile-discount', 'name': 'Mobile-only price', 'base': {'kind': 'rate'}, 'kind': 'discount', 'details': ""You're getting a reduced rate because you're using our mobile site."", 'item_amount': {'value': 555.27525, 'currency': 'USD'}}], 'net_amount': {'currency': 'USD', 'value': 4355.1}, 'strikethrough_amount': {'value': 5601.7525, 'currency': 'USD'}, 'benefits': [{'icon': None, 'identifier': 'mobile-rate', 'badge_variant': 'constructive', 'details': 'You’re getting a reduced rate because this property is offering a discount when you book from a mobile device.', 'kind': 'badge', 'name': 'Mobile-only price'}], 'gross_amount_per_night': {'value': 360.462660714286, 'currency': 'USD'}, 'included_taxes_and_charges_amount': {'currency': 'USD', 'value': 691.37725}, 'excluded_amount': {'value': 0, 'currency': 'USD'}, 'strikethrough_amount_per_night': {'currency': 'USD', 'value': 400.125178571429}, 'all_inclusive_amount': {'value': 5046.47725, 'currency': 'USD'}}], 'discounted_amount': {'currency': 'USD', 'value': 555.27525}, 'strikethrough_amount_per_night': {'currency': 'USD', 'value': 400.125178571429}, 'all_inclusive_amount': {'currency': 'USD', 'value': 5046.47725}, 'excluded_amount': {'value': 0, 'currency': 'USD'}, 'gross_amount_per_night': {'currency': 'USD', 'value': 360.462660714286}, 'strikethrough_amount': {'currency': 'USD', 'value': 5601.7525}, 'items': [{'kind': 'charge', 'details': '14.75 % TAX', 'name': 'TAX', 'base': {'kind': 'percentage', 'percentage': 14.75}, 'item_amount': {'value': 642.37725, 'currency': 'USD'}, 'inclusion_type': 'included'}, {'inclusion_type': 'included', 'base': {'base_amount': 3.5, 'kind': 'per_night'}, 'name': 'City tax', 'details': 'City tax', 'kind': 'charge', 'item_amount': {'currency': 'USD', 'value': 49}}, {'item_amount': {'value': 555.27525, 'currency': 'USD'}, 'base': {'kind': 'rate'}, 'name': 'Mobile-only price', 'kind': 'discount', 'details': ""You're getting a reduced rate because you're using our mobile site."", 'identifier': 'mobile-discount'}]}",40.7613079915298,94345500,"{'has_fine_print_charges': 1, 'has_tax_exceptions': 0, 'sum_excluded_raw': '0.00', 'gross_price': 5046.48, 'currency': 'USD', 'all_inclusive_price': 5046.48, 'has_incalculable_charges': 0}",555.27525,us,-73.9866274595261,0,"{'from': '', 'until': '12:00'}",in New York,0,,New York,USD,1,[],1,0,1,"929,970,981,1174,2306",1,Very Good,,0,Hotel,1,0,,41653,,"419,305,110,184,124,452,421,11,462,13,78,101,16,158,80,461,459,60,422,160,449,451,20,109,487,2,111,28,49,81,6,22,455,466,463,420,488,89,47,418,96,48,453,23,424,484,8,486,107,468,91,51,467,108,454,423,460,450,425,464,25,457,92,485",America/New_York,0,property_card,1633,United States of America,0,0,20088325,{'hotel_eligibility': 0},8.3,Hilton Garden Inn Times Square,0.0,https://cf.bstatic.com/xdata/images/hotel/max1280x900/94345500.jpg?k=e56143814d0db0116ea4901f05254a1b6b8dd5b1ee74ccd337e15391b98fdde0&o=,https://cf.bstatic.com/xdata/images/hotel/1440x1440/94345500.jpg?k=e56143814d0db0116ea4901f05254a1b6b8dd5b1ee74ccd337e15391b98fdde0&o=,,
5,New York (New York),us,Standard Bunk Bed Room<br/><b>Hotel room</b>: 1 bed,0,NY 10036,0,"{'until': '', 'from': '15:00'}",Pod Times Square,1,[],property_card_2377260,0,https://www.booking.com/hotel/us/pod-times-square.html,204,1.45,Hell's Kitchen,USD,New York (New York),0.40,,400 West 42nd Street,xu,1833,400 West 42nd Street,['237726001_258445695_0_0_0'],https://cf.bstatic.com/xdata/images/hotel/square60/129148007.jpg?k=815f041fa1d0220233632f1b140c0df7ba345fe22cf99964edead59d8363849c&o=,4.0,0,New York,1,2729.76655,"{'items': [{'item_amount': {'currency': 'USD', 'value': 344.58655}, 'base': {'kind': 'percentage', 'percentage': 14.75}, 'name': 'TAX', 'kind': 'charge', 'details': '14.75 % TAX', 'inclusion_type': 'included'}, {'inclusion_type': 'included', 'base': {'kind': 'per_night', 'base_amount': 3.5}, 'name': 'City tax', 'details': 'City tax', 'kind': 'charge', 'item_amount': {'currency': 'USD', 'value': 49}}, {'inclusion_type': 'included', 'item_amount': {'currency': 'USD', 'value': 140}, 'name': 'Resort fee', 'base': {'base_amount': 10.0, 'kind': 'per_night'}, 'details': 'Resort fee', 'kind': 'charge'}, {'identifier': 'basic-deal', 'item_amount': {'value': 516.16845, 'currency': 'USD'}, 'kind': 'discount', 'details': 'You’re getting a reduced rate because this property is offering a discount.', 'name': 'Bonus savings', 'base': {'kind': 'rate'}}], 'strikethrough_amount_per_night': {'currency': 'USD', 'value': 231.8525}, 'all_inclusive_amount': {'currency': 'USD', 'value': 2729.76655}, 'excluded_amount': {'currency': 'USD', 'value': 0}, 'gross_amount_per_night': {'value': 194.983325, 'currency': 'USD'}, 'strikethrough_amount': {'value': 3245.935, 'currency': 'USD'}, 'gross_amount': {'value': 2729.76655, 'currency': 'USD'}, 'product_price_breakdowns': [{'strikethrough_amount_per_night': {'currency': 'USD', 'value': 231.8525}, 'excluded_amount': {'value': 0, 'currency': 'USD'}, 'all_inclusive_amount': {'value': 2729.76655, 'currency': 'USD'}, 'strikethrough_amount': {'currency': 'USD', 'value': 3245.935}, 'net_amount': {'value': 2196.18, 'currency': 'USD'}, 'included_taxes_and_charges_amount': {'currency': 'USD', 'value': 533.58655}, 'gross_amount_per_night': {'currency': 'USD', 'value': 194.983325}, 'benefits': [], 'items': [{'inclusion_type': 'included', 'name': 'TAX', 'base': {'kind': 'percentage', 'percentage': 14.75}, 'details': '14.75 % TAX', 'kind': 'charge', 'item_amount': {'currency': 'USD', 'value': 344.58655}}, {'inclusion_type': 'included', 'name': 'City tax', 'base': {'kind': 'per_night', 'base_amount': 3.5}, 'details': 'City tax', 'kind': 'charge', 'item_amount': {'currency': 'USD', 'value': 49}}, {'inclusion_type': 'included', 'details': 'Resort fee', 'kind': 'charge', 'base': {'kind': 'per_night', 'base_amount': 10.0}, 'name': 'Resort fee', 'item_amount': {'value': 140, 'currency': 'USD'}}, {'kind': 'discount', 'details': 'You’re getting a reduced rate because this property is offering a discount.', 'name': 'Bonus savings', 'base': {'kind': 'rate'}, 'item_amount': {'value': 516.16845, 'currency': 'USD'}, 'identifier': 'basic-deal'}], 'gross_amount': {'currency': 'USD', 'value': 2729.76655}, 'discounted_amount': {'value': 516.16845, 'currency': 'USD'}}], 'discounted_amount': {'value': 516.16845, 'currency': 'USD'}, 'benefits': [], 'included_taxes_and_charges_amount': {'value': 533.58655, 'currency': 'USD'}, 'net_amount': {'value': 2196.18, 'currency': 'USD'}}",40.7583945,129148007,"{'sum_excluded_raw': '0.00', 'has_fine_print_charges': 0, 'has_tax_exceptions': 0, 'gross_price': 2729.77, 'currency': 'USD', 'has_incalculable_charges': 0, 'all_inclusive_price': 2729.77}",0.0,us,-73.9930985,0,"{'from': '', 'until': '12:00'}",in New York,0,,New York,USD,1,[],0,0,1,"1833,929,970,1174,2306,4338",1,Very Good,,0,Hotel,1,0,,2377260,,"457,451,449,422,450,464,436,109,15,458,404,468,16,222,51,107,486,108,460,461,467,459,462,163,4,456,453,418,96,48,8,28,305,49,419,2,488,47,452,420,455",America/New_York,0,property_card,14483,United States of America,0,0,20088325,{'hotel_eligibility': 0},8.5,Pod Times Square,0.0,https://cf.bstatic.com/xdata/images/hotel/max1280x900/129148007.jpg?k=815f041fa1d0220233632f1b140c0df7ba345fe22cf99964edead59d8363849c&o=,https://cf.bstatic.com/xdata/images/hotel/1440x1440/129148007.jpg?k=815f041fa1d0220233632f1b140c0df7ba345fe22cf99964edead59d8363849c&o=,,
6,New York (New York),us,King Room<br/><b>Hotel room</b>: 1 bed,0,NY 10018,0,"{'from': '16:00', 'until': ''}",Fairfield Inn & Suites By Marriott New York Manhattan/Times Square,1,[],property_card_185999,0,https://www.booking.com/hotel/us/fairfield-inn-new-york-manhattan-times-sqaure.html,204,1.60,Hell's Kitchen,USD,New York (New York),0.40,,330 West 40th Street,en,1833,330 West 40th Street,['18599901_274565664_0_1_0'],https://cf.bstatic.com/xdata/images/hotel/square60/88967722.jpg?k=fe50b990016ad28b572d1dbcdd9d07ebac151e3250637019ceb45fd8e40bb063&o=,4.0,0,New York,1,5258.65,"{'net_amount': {'currency': 'USD', 'value': 4540}, 'gross_amount_per_night': {'currency': 'USD', 'value': 375.617857142857}, 'benefits': [], 'included_taxes_and_charges_amount': {'currency': 'USD', 'value': 718.65}, 'all_inclusive_amount': {'currency': 'USD', 'value': 5258.65}, 'excluded_amount': {'value': 0, 'currency': 'USD'}, 'gross_amount': {'currency': 'USD', 'value': 5258.65}, 'product_price_breakdowns': [{'gross_amount': {'currency': 'USD', 'value': 5258.65}, 'items': [{'inclusion_type': 'included', 'item_amount': {'value': 669.65, 'currency': 'USD'}, 'details': '14.75 % TAX', 'kind': 'charge', 'name': 'TAX', 'base': {'kind': 'percentage', 'percentage': 14.75}}, {'inclusion_type': 'included', 'item_amount': {'currency': 'USD', 'value': 49}, 'details': 'City tax', 'kind': 'charge', 'base': {'kind': 'per_night', 'base_amount': 3.5}, 'name': 'City tax'}], 'all_inclusive_amount': {'currency': 'USD', 'value': 5258.65}, 'excluded_amount': {'currency': 'USD', 'value': 0}, 'benefits': [], 'gross_amount_per_night': {'currency': 'USD', 'value': 375.617857142857}, 'included_taxes_and_charges_amount': {'value': 718.65, 'currency': 'USD'}, 'net_amount': {'value': 4540, 'currency': 'USD'}}], 'items': [{'item_amount': {'currency': 'USD', 'value': 669.65}, 'details': '14.75 % TAX', 'kind': 'charge', 'name': 'TAX', 'base': {'percentage': 14.75, 'kind': 'percentage'}, 'inclusion_type': 'included'}, {'kind': 'charge', 'details': 'City tax', 'name': 'City tax', 'base': {'kind': 'per_night', 'base_amount': 3.5}, 'item_amount': {'currency': 'USD', 'value': 49}, 'inclusion_type': 'included'}]}",40.7565152695353,88967722,"{'currency': 'USD', 'all_inclusive_price': 5258.65, 'has_incalculable_charges': 0, 'has_tax_exceptions': 0, 'has_fine_print_charges': 0, 'sum_excluded_raw': '0.00', 'gross_price': 5258.65}",0.0,us,-73.9924827218056,0,"{'from': '', 'until': '12:00'}",in New York,0,,New York,USD,1,[],0,0,1,"1833,929,970,977,1174,2306,4338",1,Good,,0,Hotel,1,0,,185999,,"452,439,305,127,462,163,461,459,136,101,16,80,20,109,422,135,449,451,420,455,47,111,2,28,49,81,8,490,96,48,456,453,4,467,108,460,426,486,107,468,51,448,91,485,450,444,464,436,25,457,496,493",America/New_York,0,property_card,3938,United States of America,0,0,20088325,{'hotel_eligibility': 0},7.7,Fairfield Inn & Suites By Marriott New York Manhattan/Times Square,,https://cf.bstatic.com/xdata/images/hotel/max1280x900/88967722.jpg?k=fe50b990016ad28b572d1dbcdd9d07ebac151e3250637019ceb45fd8e40bb063&o=,https://cf.bstatic.com/xdata/images/hotel/1440x1440/88967722.jpg?k=fe50b990016ad28b572d1dbcdd9d07ebac151e3250637019ceb45fd8e40bb063&o=,,Breakfast included
7,New York (New York),us,Standard Room<br/><b>Hotel room</b>: 1 bed,0,NY 10036,0,"{'until': '', 'from': '16:00'}",Row NYC at Times Square,1,[],property_card_56800,0,https://www.booking.com/hotel/us/milford-plaza.html,204,1.20,Manhattan,USD,New York (New York),0.07,,700 8th Avenue,en,929,700 8th Avenue,['5680031_99676494_0_0_0'],https://cf.bstatic.com/xdata/images/hotel/square60/27228652.jpg?k=633141f7583e8b6109b6272be90d2eb3edef6b538fd7ad79dceedd6ef80520a7&o=,4.0,0,New York,0,3805.6855,"{'discounted_amount': {'value': 820.692, 'currency': 'USD'}, 'product_price_breakdowns': [{'discounted_amount': {'value': 820.692, 'currency': 'USD'}, 'gross_amount': {'value': 3805.6855, 'currency': 'USD'}, 'items': [{'inclusion_type': 'included', 'item_amount': {'currency': 'USD', 'value': 482.8855}, 'base': {'kind': 'percentage', 'percentage': 14.75}, 'name': 'TAX', 'details': '14.75 % TAX', 'kind': 'charge'}, {'base': {'base_amount': 3.5, 'kind': 'per_night'}, 'name': 'City tax', 'kind': 'charge', 'details': 'City tax', 'item_amount': {'value': 49, 'currency': 'USD'}, 'inclusion_type': 'included'}, {'item_amount': {'currency': 'USD', 'value': 413}, 'base': {'kind': 'per_night', 'base_amount': 29.5}, 'name': 'Resort fee', 'kind': 'charge', 'details': 'Resort fee', 'inclusion_type': 'included'}, {'item_amount': {'currency': 'USD', 'value': 820.692}, 'base': {'kind': 'rate'}, 'name': 'Bonus savings', 'kind': 'discount', 'details': 'You’re getting a reduced rate because this property is offering a discount.', 'identifier': 'basic-deal'}], 'benefits': [], 'gross_amount_per_night': {'value': 271.834678571429, 'currency': 'USD'}, 'included_taxes_and_charges_amount': {'value': 944.8855, 'currency': 'USD'}, 'net_amount': {'currency': 'USD', 'value': 2860.8}, 'strikethrough_amount': {'value': 4626.3775, 'currency': 'USD'}, 'excluded_amount': {'value': 0, 'currency': 'USD'}, 'all_inclusive_amount': {'currency': 'USD', 'value': 3805.6855}, 'strikethrough_amount_per_night': {'value': 330.455535714286, 'currency': 'USD'}}], 'gross_amount': {'currency': 'USD', 'value': 3805.6855}, 'included_taxes_and_charges_amount': {'currency': 'USD', 'value': 944.8855}, 'benefits': [], 'net_amount': {'currency': 'USD', 'value': 2860.8}, 'items': [{'inclusion_type': 'included', 'details': '14.75 % TAX', 'kind': 'charge', 'base': {'percentage': 14.75, 'kind': 'percentage'}, 'name': 'TAX', 'item_amount': {'currency': 'USD', 'value': 482.8855}}, {'item_amount': {'currency': 'USD', 'value': 49}, 'base': {'base_amount': 3.5, 'kind': 'per_night'}, 'name': 'City tax', 'kind': 'charge', 'details': 'City tax', 'inclusion_type': 'included'}, {'item_amount': {'value': 413, 'currency': 'USD'}, 'kind': 'charge', 'details': 'Resort fee', 'name': 'Resort fee', 'base': {'kind': 'per_night', 'base_amount': 29.5}, 'inclusion_type': 'included'}, {'identifier': 'basic-deal', 'details': 'You’re getting a reduced rate because this property is offering a discount.', 'kind': 'discount', 'base': {'kind': 'rate'}, 'name': 'Bonus savings', 'item_amount': {'currency': 'USD', 'value': 820.692}}], 'gross_amount_per_night': {'value': 271.834678571429, 'currency': 'USD'}, 'strikethrough_amount': {'currency': 'USD', 'value': 4626.3775}, 'strikethrough_amount_per_night': {'currency': 'USD', 'value': 330.455535714286}, 'all_inclusive_amount': {'currency': 'USD', 'value': 3805.6855}, 'excluded_amount': {'currency': 'USD', 'value': 0}}",40.7587618375053,27228652,"{'has_fine_print_charges': 1, 'sum_excluded_raw': '0.00', 'has_tax_exceptions': 0, 'gross_price': 3805.69, 'currency': 'USD', 'has_incalculable_charges': 0, 'all_inclusive_price': 3805.69}",0.0,us,-73.9884627610444,0,"{'from': '', 'until': '12:00'}",in New York,0,,New York,USD,1,[],0,0,1,"929,970,981,1174,2306",1,Good,,0,Hotel,1,0,,56800,,"7,8,78,11,3,48,96,163,23,124,89,129,47,2,305,28,81,20,109,25,52,75,108,304,107,16,80,51,91",America/New_York,0,property_card,5592,United States of America,0,0,20088325,{'hotel_eligibility': 0},7.2,Row NYC at Times Square,0.0,https://cf.bstatic.com/xdata/images/hotel/max1280x900/27228652.jpg?k=633141f7583e8b6109b6272be90d2eb3edef6b538fd7ad79dceedd6ef80520a7&o=,https://cf.bstatic.com/xdata/images/hotel/1440x1440/27228652.jpg?k=633141f7583e8b6109b6272be90d2eb3edef6b538fd7ad79dceedd6ef80520a7&o=,,
8,New York (New York),us,King Room<br/><b>Hotel room</b>: 1 bed,0,NY 10036,0,"{'from': '15:00', 'until': '00:00'}",Hampton Inn Times Square Central,1,[],property_card_1330071,0,https://www.booking.com/hotel/us/hampton-inn-times-square-central.html,204,1.50,Manhattan,USD,New York (New York),0.27,,220 West 41st Street,en,929,220 West 41st Street,['133007111_266277918_2_1_0'],https://cf.bstatic.com/xdata/images/hotel/square60/80571885.jpg?k=a96fa7519ea88903f283ec2f26c012f1f9bdd495ed7aefa629829179950229eb&o=,3.0,0,New York,1,7285.135,"{'gross_amount': {'value': 7285.135, 'currency': 'USD'}, 'items': [{'inclusion_type': 'included', 'item_amount': {'currency': 'USD', 'value': 930.135}, 'kind': 'charge', 'details': '14.75 % TAX', 'base': {'percentage': 14.75, 'kind': 'percentage'}, 'name': 'TAX'}, {'item_amount': {'currency': 'USD', 'value': 49}, 'details': 'City tax', 'kind': 'charge', 'base': {'kind': 'per_night', 'base_amount': 3.5}, 'name': 'City tax', 'inclusion_type': 'included'}, {'inclusion_type': 'deposit', 'item_amount': {'currency': 'USD', 'value': 200}, 'name': 'Damage deposit', 'base': {'base_amount': 200.0, 'kind': 'per_stay'}, 'kind': 'charge', 'details': 'Damage deposit'}], 'product_price_breakdowns': [{'excluded_amount': {'value': 0, 'currency': 'USD'}, 'all_inclusive_amount': {'currency': 'USD', 'value': 7285.135}, 'included_taxes_and_charges_amount': {'value': 979.135, 'currency': 'USD'}, 'gross_amount_per_night': {'currency': 'USD', 'value': 520.366785714286}, 'benefits': [], 'net_amount': {'currency': 'USD', 'value': 6306}, 'items': [{'kind': 'charge', 'details': '14.75 % TAX', 'base': {'percentage': 14.75, 'kind': 'percentage'}, 'name': 'TAX', 'item_amount': {'value': 930.135, 'currency': 'USD'}, 'inclusion_type': 'included'}, {'inclusion_type': 'included', 'base': {'base_amount': 3.5, 'kind': 'per_night'}, 'name': 'City tax', 'details': 'City tax', 'kind': 'charge', 'item_amount': {'currency': 'USD', 'value': 49}}, {'inclusion_type': 'deposit', 'base': {'kind': 'per_stay', 'base_amount': 200.0}, 'name': 'Damage deposit', 'kind': 'charge', 'details': 'Damage deposit', 'item_amount': {'currency': 'USD', 'value': 200}}], 'gross_amount': {'value': 7285.135, 'currency': 'USD'}}], 'all_inclusive_amount': {'value': 7285.135, 'currency': 'USD'}, 'excluded_amount': {'currency': 'USD', 'value': 0}, 'net_amount': {'value': 6306, 'currency': 'USD'}, 'benefits': [], 'gross_amount_per_night': {'value': 520.366785714286, 'currency': 'USD'}, 'included_taxes_and_charges_amount': {'value': 979.135, 'currency': 'USD'}}",40.7557501793242,80571885,"{'gross_price': 7285.14, 'sum_excluded_raw': '0.00', 'has_fine_print_charges': 0, 'has_tax_exceptions': 0, 'has_incalculable_charges': 0, 'all_inclusive_price': 7285.14, 'currency': 'USD'}",0.0,us,-73.9885570539673,0,"{'until': '11:00', 'from': ''}",in New York,0,,New York,USD,1,[],0,0,1,"929,970,977,1174,2306",1,Excellent,,0,Hotel,1,0,,1330071,,"457,450,425,25,464,51,483,486,108,460,467,23,453,478,48,8,81,49,474,2,111,253,488,22,6,455,420,451,449,422,204,135,109,20,80,158,16,101,136,207,459,462,143,11,184,305,110,419,479,421,145,206,452",America/New_York,0,property_card,2561,United States of America,0,0,20088325,{'hotel_eligibility': 0},8.6,Hampton Inn Times Square Central,,https://cf.bstatic.com/xdata/images/hotel/max1280x900/80571885.jpg?k=a96fa7519ea88903f283ec2f26c012f1f9bdd495ed7aefa629829179950229eb&o=,https://cf.bstatic.com/xdata/images/hotel/1440x1440/80571885.jpg?k=a96fa7519ea88903f283ec2f26c012f1f9bdd495ed7aefa629829179950229eb&o=,,Breakfast included
9,New York (New York),us,Queen Room - Disability Access/Non-Smoking<br/><b>Hotel room</b>: 1 bed,0,NY 10018,0,"{'until': '', 'from': '15:00'}","Holiday Inn New York City - Times Square, an IHG Hotel",1,[],property_card_1424666,0,https://www.booking.com/hotel/us/holiday-inn-new-york-times-square-south.html,204,1.65,Hell's Kitchen,USD,New York (New York),0.42,,585 8th Avenue,en,1833,585 8th Avenue,['142466606_310006543_2_0_0'],https://cf.bstatic.com/xdata/images/hotel/square60/234143542.jpg?k=46d34405343b58850b010e09a264d7396e3e22b2b2c3f4f8f6a75e92f92f94df&o=,3.0,0,New York,1,4532.39725,"{'net_amount': {'currency': 'USD', 'value': 3907.1}, 'gross_amount_per_night': {'currency': 'USD', 'value': 323.742660714286}, 'benefits': [], 'included_taxes_and_charges_amount': {'value': 625.29725, 'currency': 'USD'}, 'all_inclusive_amount': {'value': 4532.39725, 'currency': 'USD'}, 'excluded_amount': {'currency': 'USD', 'value': 0}, 'gross_amount': {'value': 4532.39725, 'currency': 'USD'}, 'items': [{'kind': 'charge', 'details': '14.75 % TAX', 'name': 'TAX', 'base': {'kind': 'percentage', 'percentage': 14.75}, 'item_amount': {'value': 576.29725, 'currency': 'USD'}, 'inclusion_type': 'included'}, {'inclusion_type': 'included', 'item_amount': {'currency': 'USD', 'value': 49}, 'kind': 'charge', 'details': 'City tax', 'name': 'City tax', 'base': {'base_amount': 3.5, 'kind': 'per_night'}}], 'product_price_breakdowns': [{'excluded_amount': {'value': 0, 'currency': 'USD'}, 'all_inclusive_amount': {'value': 4532.39725, 'currency': 'USD'}, 'included_taxes_and_charges_amount': {'currency': 'USD', 'value': 625.29725}, 'gross_amount_per_night': {'value': 323.742660714286, 'currency': 'USD'}, 'benefits': [], 'net_amount': {'currency': 'USD', 'value': 3907.1}, 'items': [{'inclusion_type': 'included', 'kind': 'charge', 'details': '14.75 % TAX', 'base': {'percentage': 14.75, 'kind': 'percentage'}, 'name': 'TAX', 'item_amount': {'currency': 'USD', 'value': 576.29725}}, {'details': 'City tax', 'kind': 'charge', 'name': 'City tax', 'base': {'base_amount': 3.5, 'kind': 'per_night'}, 'item_amount': {'value': 49, 'currency': 'USD'}, 'inclusion_type': 'included'}], 'gross_amount': {'value': 4532.39725, 'currency': 'USD'}}]}",40.755131,234143542,"{'currency': 'USD', 'all_inclusive_price': 4532.4, 'has_incalculable_charges': 0, 'has_fine_print_charges': 0, 'sum_excluded_raw': '0.00', 'has_tax_exceptions': 0, 'gross_price': '4532.40'}",0.0,us,-73.99134,0,"{'from': '', 'until': '11:00'}",in New York,0,,New York,USD,1,[],0,0,1,"1833,929,970,977,1174,2306",1,Good,,0,Hotel,0,0,,1424666,,"222,16,158,80,185,176,136,459,461,449,451,135,422,175,109,186,20,305,439,211,203,452,124,462,11,13,78,7,51,91,468,460,108,467,457,464,25,450,425,485,5,458,49,253,2,111,89,488,455,466,420,497,456,453,23,48,418,181,179,8",America/New_York,0,property_card,2229,United States of America,0,0,20088325,{'hotel_eligibility': 0},7.9,"Holiday Inn New York City - Times Square, an IHG Hotel",0.0,https://cf.bstatic.com/xdata/images/hotel/max1280x900/234143542.jpg?k=46d34405343b58850b010e09a264d7396e3e22b2b2c3f4f8f6a75e92f92f94df&o=,https://cf.bstatic.com/xdata/images/hotel/1440x1440/234143542.jpg?k=46d34405343b58850b010e09a264d7396e3e22b2b2c3f4f8f6a75e92f92f94df&o=,,
10,New York (New York),us,Standard Queen Room<br/><b>Hotel room</b>: 1 bed,0,NY 10019,0,"{'until': '', 'from': '15:00'}",The Manhattan at Times Square,1,[],property_card_436827,0,https://www.booking.com/hotel/us/the-manhattan-at-times-square.html,204,0.70,Manhattan,USD,New York (New York),0.65,,790 7th Avenue,en,929,790 7th Avenue,['43682714_129523008_0_0_0'],https://cf.bstatic.com/xdata/images/hotel/square60/40322035.jpg?k=02c8df3c8d307cb1fdda6db9e2d6f717e91a2194bfe36f674525bb0a672bdd08&o=,4.0,0,New York,0,5021.1955,"{'included_taxes_and_charges_amount': {'value': 1184.3955, 'currency': 'USD'}, 'benefits': [], 'net_amount': {'value': 3836.8, 'currency': 'USD'}, 'product_price_breakdowns': [{'excluded_amount': {'currency': 'USD', 'value': 0}, 'strikethrough_amount_per_night': {'value': 437.276964285714, 'currency': 'USD'}, 'all_inclusive_amount': {'value': 5021.1955, 'currency': 'USD'}, 'included_taxes_and_charges_amount': {'currency': 'USD', 'value': 1184.3955}, 'gross_amount_per_night': {'currency': 'USD', 'value': 358.656821428571}, 'benefits': [], 'strikethrough_amount': {'currency': 'USD', 'value': 6121.8775}, 'net_amount': {'currency': 'USD', 'value': 3836.8}, 'items': [{'inclusion_type': 'included', 'item_amount': {'value': 573.1555, 'currency': 'USD'}, 'details': '14.75 % TAX', 'kind': 'charge', 'name': 'TAX', 'base': {'percentage': 14.75, 'kind': 'percentage'}}, {'base': {'kind': 'per_night', 'base_amount': 3.5}, 'name': 'City tax', 'kind': 'charge', 'details': 'City tax', 'item_amount': {'value': 49, 'currency': 'USD'}, 'inclusion_type': 'included'}, {'item_amount': {'currency': 'USD', 'value': 562.24}, 'kind': 'charge', 'details': 'Resort fee', 'base': {'kind': 'per_night', 'base_amount': 40.16}, 'name': 'Resort fee', 'inclusion_type': 'included'}, {'item_amount': {'currency': 'USD', 'value': 1100.682}, 'kind': 'discount', 'details': 'You’re getting a reduced rate because this property is offering a discount.', 'name': 'Bonus savings', 'base': {'kind': 'rate'}, 'identifier': 'basic-deal'}], 'gross_amount': {'value': 5021.1955, 'currency': 'USD'}, 'discounted_amount': {'currency': 'USD', 'value': 1100.682}}], 'gross_amount': {'value': 5021.1955, 'currency': 'USD'}, 'discounted_amount': {'currency': 'USD', 'value': 1100.682}, 'excluded_amount': {'currency': 'USD', 'value': 0}, 'all_inclusive_amount': {'value': 5021.1955, 'currency': 'USD'}, 'strikethrough_amount_per_night': {'currency': 'USD', 'value': 437.276964285714}, 'gross_amount_per_night': {'currency': 'USD', 'value': 358.656821428571}, 'strikethrough_amount': {'value': 6121.8775, 'currency': 'USD'}, 'items': [{'inclusion_type': 'included', 'item_amount': {'currency': 'USD', 'value': 573.1555}, 'kind': 'charge', 'details': '14.75 % TAX', 'base': {'percentage': 14.75, 'kind': 'percentage'}, 'name': 'TAX'}, {'inclusion_type': 'included', 'item_amount': {'value': 49, 'currency': 'USD'}, 'base': {'kind': 'per_night', 'base_amount': 3.5}, 'name': 'City tax', 'kind': 'charge', 'details': 'City tax'}, {'inclusion_type': 'included', 'details': 'Resort fee', 'kind': 'charge', 'base': {'kind': 'per_night', 'base_amount': 40.16}, 'name': 'Resort fee', 'item_amount': {'value': 562.24, 'currency': 'USD'}}, {'identifier': 'basic-deal', 'details': 'You’re getting a reduced rate because this property is offering a discount.', 'kind': 'discount', 'name': 'Bonus savings', 'base': {'kind': 'rate'}, 'item_amount': {'currency': 'USD', 'value': 1100.682}}]}",40.7621185958019,40322035,"{'has_incalculable_charges': 0, 'all_inclusive_price': 5021.2, 'currency': 'USD', 'gross_price': '5021.20', 'has_fine_print_charges': 1, 'sum_excluded_raw': '0.00', 'has_tax_exceptions': 0}",0.0,us,-73.9827087521553,0,"{'from': '', 'until': '12:00'}",in New York,0,,New York,USD,1,[],0,0,1,"929,970,981,1174,2306",1,Pleasant,,0,Hotel,0,0,,436827,,"424,127,418,11,96,48,8,305,28,81,49,419,253,111,421,89,47,124,420,425,422,60,25,135,109,20,64,16,80,158,91,108,136,164,423",America/New_York,0,property_card,2826,United States of America,0,0,20088325,{'hotel_eligibility': 0},6.4,The Manhattan at Times Square,0.0,https://cf.bstatic.com/xdata/images/hotel/max1280x900/40322035.jpg?k=02c8df3c8d307cb1fdda6db9e2d6f717e91a2194bfe36f674525bb0a672bdd08&o=,https://cf.bstatic.com/xdata/images/hotel/1440x1440/40322035.jpg?k=02c8df3c8d307cb1fdda6db9e2d6f717e91a2194bfe36f674525bb0a672bdd08&o=,,
11,New York (New York),us,Room Selected at Check In<br/><b>Hotel room</b>: 1 bed,0,NY 10018,0,"{'from': '16:00', 'until': ''}","Holiday Inn Express - Times Square, an IHG Hotel",1,"[{'text': 'Mobile-only price', 'badge_variant': 'constructive', 'id': 'mobile_price'}]",property_card_182326,0,https://www.booking.com/hotel/us/holiday-inn-express-new-york-city-times-square.html,204,1.65,Hell's Kitchen,USD,New York (New York),0.46,,343 West 39th Street,en,1833,343 West 39th Street,['18232601_246083998_2_1_0'],https://cf.bstatic.com/xdata/images/hotel/square60/244174998.jpg?k=7c83b40a13b0c9e902c58ceeb8de395e175c34a221056c1741d3175fac64c764&o=,3.0,0,New York,0,3562.679425,"{'included_taxes_and_charges_amount': {'value': 661.369425, 'currency': 'USD'}, 'benefits': [{'name': 'Mobile-only price', 'details': 'You’re getting a reduced rate because this property is offering a discount when you book from a mobile device.', 'kind': 'badge', 'icon': None, 'identifier': 'mobile-rate', 'badge_variant': 'constructive'}], 'net_amount': {'value': 2901.31, 'currency': 'USD'}, 'product_price_breakdowns': [{'net_amount': {'value': 2901.31, 'currency': 'USD'}, 'strikethrough_amount': {'value': 5300.7862, 'currency': 'USD'}, 'gross_amount_per_night': {'value': 254.477101785714, 'currency': 'USD'}, 'benefits': [{'identifier': 'mobile-rate', 'icon': None, 'badge_variant': 'constructive', 'name': 'Mobile-only price', 'kind': 'badge', 'details': 'You’re getting a reduced rate because this property is offering a discount when you book from a mobile device.'}], 'included_taxes_and_charges_amount': {'value': 661.369425, 'currency': 'USD'}, 'strikethrough_amount_per_night': {'currency': 'USD', 'value': 378.627585714286}, 'excluded_amount': {'currency': 'USD', 'value': 0}, 'all_inclusive_amount': {'value': 3562.679425, 'currency': 'USD'}, 'discounted_amount': {'value': 1738.106775, 'currency': 'USD'}, 'gross_amount': {'currency': 'USD', 'value': 3562.679425}, 'items': [{'name': 'TAX', 'base': {'percentage': 14.75, 'kind': 'percentage'}, 'kind': 'charge', 'details': '14.75 % TAX', 'item_amount': {'currency': 'USD', 'value': 451.649425}, 'inclusion_type': 'included'}, {'inclusion_type': 'included', 'base': {'kind': 'per_night', 'base_amount': 3.5}, 'name': 'City tax', 'details': 'City tax', 'kind': 'charge', 'item_amount': {'currency': 'USD', 'value': 49}}, {'inclusion_type': 'included', 'item_amount': {'currency': 'USD', 'value': 160.72}, 'kind': 'charge', 'details': 'Resort fee', 'base': {'base_amount': 11.48, 'kind': 'per_night'}, 'name': 'Resort fee'}, {'details': 'You’re getting a reduced rate because this property is offering a discount.', 'kind': 'discount', 'base': {'kind': 'rate'}, 'name': 'Bonus savings', 'item_amount': {'currency': 'USD', 'value': 1368.1872}, 'identifier': 'basic-deal'}, {'identifier': 'mobile-discount', 'details': ""You're getting a reduced rate because you're using our mobile site."", 'kind': 'discount', 'name': 'Mobile-only price', 'base': {'kind': 'rate'}, 'item_amount': {'value': 369.919575, 'currency': 'USD'}}]}], 'gross_amount': {'value': 3562.679425, 'currency': 'USD'}, 'discounted_amount': {'value': 1738.106775, 'currency': 'USD'}, 'all_inclusive_amount': {'value': 3562.679425, 'currency': 'USD'}, 'excluded_amount': {'currency': 'USD', 'value': 0}, 'strikethrough_amount_per_night': {'currency': 'USD', 'value': 378.627585714286}, 'gross_amount_per_night': {'value': 254.477101785714, 'currency': 'USD'}, 'strikethrough_amount': {'currency': 'USD', 'value': 5300.7862}, 'items': [{'inclusion_type': 'included', 'name': 'TAX', 'base': {'percentage': 14.75, 'kind': 'percentage'}, 'details': '14.75 % TAX', 'kind': 'charge', 'item_amount': {'value': 451.649425, 'currency': 'USD'}}, {'inclusion_type': 'included', 'item_amount': {'currency': 'USD', 'value': 49}, 'base': {'kind': 'per_night', 'base_amount': 3.5}, 'name': 'City tax', 'details': 'City tax', 'kind': 'charge'}, {'inclusion_type': 'included', 'item_amount': {'value': 160.72, 'currency': 'USD'}, 'kind': 'charge', 'details': 'Resort fee', 'name': 'Resort fee', 'base': {'kind': 'per_night', 'base_amount': 11.48}}, {'item_amount': {'value': 1368.1872, 'currency': 'USD'}, 'name': 'Bonus savings', 'base': {'kind': 'rate'}, 'kind': 'discount', 'details': 'You’re getting a reduced rate because this property is offering a discount.', 'identifier': 'basic-deal'}, {'item_amount': {'value': 369.919575, 'currency': 'USD'}, 'name': 'Mobile-only price', 'base': {'kind': 'rate'}, 'kind': 'discount', 'details': ""You're getting a reduced rate because you're using our mobile site."", 'identifier': 'mobile-discount'}]}",40.7562709513263,244174998,"{'has_incalculable_charges': 0, 'all_inclusive_price': 3562.68, 'currency': 'USD', 'gross_price': 3562.68, 'has_fine_print_charges': 1, 'has_tax_exceptions': 0, 'sum_excluded_raw': '0.00'}",369.919575,us,-73.9931857958437,0,"{'until': '11:00', 'from': ''}",in New York,0,,New York,USD,1,[],1,0,1,"1833,929,970,977,1174,2306,4338",1,Good,,0,Hotel,1,0,,182326,,"13,11,143,462,163,124,439,305,20,175,109,204,135,449,451,459,461,136,16,80,484,181,8,67,96,48,497,453,456,23,455,22,47,488,2,487,111,81,49,485,464,25,450,161,457,460,108,107,51,64,468",America/New_York,0,property_card,2220,United States of America,0,0,20088325,{'hotel_eligibility': 0},7.2,"Holiday Inn Express - Times Square, an IHG Hotel",,https://cf.bstatic.com/xdata/images/hotel/max1280x900/244174998.jpg?k=7c83b40a13b0c9e902c58ceeb8de395e175c34a221056c1741d3175fac64c764&o=,https://cf.bstatic.com/xdata/images/hotel/1440x1440/244174998.jpg?k=7c83b40a13b0c9e902c58ceeb8de395e175c34a221056c1741d3175fac64c764&o=,,Breakfast included
12,New York (New York),us,King Room<br/><b>Hotel room</b>: 1 bed,0,NY 10018,0,"{'until': '', 'from': '16:00'}",DoubleTree by Hilton New York Times Square South,1,"[{'badge_variant': 'constructive', 'id': 'mobile_price', 'text': 'Mobile-only price'}]",property_card_5779480,0,https://www.booking.com/hotel/us/radisson-new-york-times-square.html,204,1.85,Hell's Kitchen,USD,New York (New York),0.61,,525 8th Avenue,en,1833,525 8th Avenue,['577948008_274267899_2_0_0'],https://cf.bstatic.com/xdata/images/hotel/square60/241533190.jpg?k=c6a133b1feb4d31c88cd0b3e46403a5d8acde382b28f38e2cd07adaa247fd4e6&o=,4.0,0,New York,1,5369.06245,"{'strikethrough_amount': {'value': 5960.1856, 'currency': 'USD'}, 'gross_amount_per_night': {'currency': 'USD', 'value': 383.504460714286}, 'excluded_amount': {'currency': 'USD', 'value': 0}, 'strikethrough_amount_per_night': {'value': 425.727542857143, 'currency': 'USD'}, 'all_inclusive_amount': {'currency': 'USD', 'value': 5369.06245}, 'items': [{'item_amount': {'value': 683.84245, 'currency': 'USD'}, 'kind': 'charge', 'details': '14.75 % TAX', 'name': 'TAX', 'base': {'percentage': 14.75, 'kind': 'percentage'}, 'inclusion_type': 'included'}, {'base': {'kind': 'per_night', 'base_amount': 3.5}, 'name': 'City tax', 'details': 'City tax', 'kind': 'charge', 'item_amount': {'currency': 'USD', 'value': 49}, 'inclusion_type': 'included'}, {'base': {'kind': 'rate'}, 'name': 'Mobile-only price', 'details': ""You're getting a reduced rate because you're using our mobile site."", 'kind': 'discount', 'item_amount': {'currency': 'USD', 'value': 591.123149999999}, 'identifier': 'mobile-discount'}], 'net_amount': {'currency': 'USD', 'value': 4636.22}, 'included_taxes_and_charges_amount': {'value': 732.84245, 'currency': 'USD'}, 'benefits': [{'identifier': 'mobile-rate', 'icon': None, 'badge_variant': 'constructive', 'kind': 'badge', 'details': 'You’re getting a reduced rate because this property is offering a discount when you book from a mobile device.', 'name': 'Mobile-only price'}], 'discounted_amount': {'currency': 'USD', 'value': 591.123149999999}, 'product_price_breakdowns': [{'all_inclusive_amount': {'value': 5369.06245, 'currency': 'USD'}, 'strikethrough_amount_per_night': {'currency': 'USD', 'value': 425.727542857143}, 'excluded_amount': {'currency': 'USD', 'value': 0}, 'strikethrough_amount': {'currency': 'USD', 'value': 5960.1856}, 'net_amount': {'value': 4636.22, 'currency': 'USD'}, 'included_taxes_and_charges_amount': {'value': 732.84245, 'currency': 'USD'}, 'benefits': [{'details': 'You’re getting a reduced rate because this property is offering a discount when you book from a mobile device.', 'kind': 'badge', 'name': 'Mobile-only price', 'badge_variant': 'constructive', 'icon': None, 'identifier': 'mobile-rate'}], 'gross_amount_per_night': {'currency': 'USD', 'value': 383.504460714286}, 'items': [{'inclusion_type': 'included', 'kind': 'charge', 'details': '14.75 % TAX', 'name': 'TAX', 'base': {'kind': 'percentage', 'percentage': 14.75}, 'item_amount': {'value': 683.84245, 'currency': 'USD'}}, {'inclusion_type': 'included', 'item_amount': {'currency': 'USD', 'value': 49}, 'details': 'City tax', 'kind': 'charge', 'base': {'base_amount': 3.5, 'kind': 'per_night'}, 'name': 'City tax'}, {'details': ""You're getting a reduced rate because you're using our mobile site."", 'kind': 'discount', 'name': 'Mobile-only price', 'base': {'kind': 'rate'}, 'item_amount': {'currency': 'USD', 'value': 591.123149999999}, 'identifier': 'mobile-discount'}], 'gross_amount': {'currency': 'USD', 'value': 5369.06245}, 'discounted_amount': {'value': 591.123149999999, 'currency': 'USD'}}], 'gross_amount': {'currency': 'USD', 'value': 5369.06245}}",40.753764,241533190,"{'sum_excluded_raw': '0.00', 'has_fine_print_charges': 0, 'has_tax_exceptions': 0, 'gross_price': 5369.06, 'currency': 'USD', 'all_inclusive_price': 5369.06, 'has_incalculable_charges': 0}",591.123149999999,us,-73.99265,0,"{'from': '', 'until': '11:00'}",in New York,0,,New York,USD,1,[],1,0,1,"1833,929,970,977,1174,2306,4338",1,Very Good,,0,Hotel,1,0,,5779480,,"419,305,211,452,421,188,462,180,185,16,158,461,459,422,449,451,20,109,186,175,111,2,218,81,446,6,420,466,463,455,488,418,437,48,453,456,23,4,424,445,470,8,181,468,51,467,108,454,460,423,450,425,444,436,464,25,457,458,485",America/New_York,0,property_card,1738,United States of America,0,0,20088325,{'hotel_eligibility': 0},8.1,DoubleTree by Hilton New York Times Square South,0.0,https://cf.bstatic.com/xdata/images/hotel/max1280x900/241533190.jpg?k=c6a133b1feb4d31c88cd0b3e46403a5d8acde382b28f38e2cd07adaa247fd4e6&o=,https://cf.bstatic.com/xdata/images/hotel/1440x1440/241533190.jpg?k=c6a133b1feb4d31c88cd0b3e46403a5d8acde382b28f38e2cd07adaa247fd4e6&o=,,
13,New York (New York),us,Room Selected at Check-In<br/><b>Hotel room</b>: 1 bed,0,NY 10018,0,"{'until': '', 'from': '15:00'}","Candlewood Suites NYC -Times Square, an IHG Hotel",1,[],property_card_182478,0,https://www.booking.com/hotel/us/candlewood-suites-new-york-city.html,204,1.65,Hell's Kitchen,USD,New York (New York),0.45,,339 West 39th Street,en,1833,339 West 39th Street,['18247801_244944535_2_2_0'],https://cf.bstatic.com/xdata/images/hotel/square60/247999114.jpg?k=3ba6755043e39117d7659c262efffbb44be3a1d7747d253ba6be488dc5c19b26&o=,3.0,0,New York,0,3829.02665,"{'items': [{'inclusion_type': 'included', 'item_amount': {'value': 482.28665, 'currency': 'USD'}, 'name': 'TAX', 'base': {'percentage': 14.75, 'kind': 'percentage'}, 'details': '14.75 % TAX', 'kind': 'charge'}, {'details': 'City tax', 'kind': 'charge', 'name': 'City tax', 'base': {'kind': 'per_night', 'base_amount': 5.5}, 'item_amount': {'value': 77, 'currency': 'USD'}, 'inclusion_type': 'included'}, {'inclusion_type': 'included', 'kind': 'charge', 'details': 'Resort fee', 'name': 'Resort fee', 'base': {'kind': 'per_night', 'base_amount': 17.21}, 'item_amount': {'currency': 'USD', 'value': 240.94}}, {'identifier': 'basic-deal', 'base': {'kind': 'rate'}, 'name': 'Bonus savings', 'kind': 'discount', 'details': 'You’re getting a reduced rate because this property is offering a discount.', 'item_amount': {'currency': 'USD', 'value': 868.887}}], 'gross_amount_per_night': {'currency': 'USD', 'value': 273.501903571429}, 'strikethrough_amount': {'value': 4697.91365, 'currency': 'USD'}, 'excluded_amount': {'currency': 'USD', 'value': 0}, 'strikethrough_amount_per_night': {'value': 335.565260714286, 'currency': 'USD'}, 'all_inclusive_amount': {'value': 3829.02665, 'currency': 'USD'}, 'discounted_amount': {'currency': 'USD', 'value': 868.887}, 'gross_amount': {'currency': 'USD', 'value': 3829.02665}, 'product_price_breakdowns': [{'discounted_amount': {'value': 868.887, 'currency': 'USD'}, 'gross_amount': {'currency': 'USD', 'value': 3829.02665}, 'items': [{'inclusion_type': 'included', 'item_amount': {'value': 482.28665, 'currency': 'USD'}, 'kind': 'charge', 'details': '14.75 % TAX', 'base': {'percentage': 14.75, 'kind': 'percentage'}, 'name': 'TAX'}, {'inclusion_type': 'included', 'item_amount': {'currency': 'USD', 'value': 77}, 'details': 'City tax', 'kind': 'charge', 'base': {'base_amount': 5.5, 'kind': 'per_night'}, 'name': 'City tax'}, {'inclusion_type': 'included', 'item_amount': {'currency': 'USD', 'value': 240.94}, 'name': 'Resort fee', 'base': {'base_amount': 17.21, 'kind': 'per_night'}, 'details': 'Resort fee', 'kind': 'charge'}, {'identifier': 'basic-deal', 'item_amount': {'currency': 'USD', 'value': 868.887}, 'base': {'kind': 'rate'}, 'name': 'Bonus savings', 'kind': 'discount', 'details': 'You’re getting a reduced rate because this property is offering a discount.'}], 'net_amount': {'value': 3028.8, 'currency': 'USD'}, 'strikethrough_amount': {'currency': 'USD', 'value': 4697.91365}, 'gross_amount_per_night': {'currency': 'USD', 'value': 273.501903571429}, 'benefits': [], 'included_taxes_and_charges_amount': {'currency': 'USD', 'value': 800.22665}, 'excluded_amount': {'value': 0, 'currency': 'USD'}, 'strikethrough_amount_per_night': {'currency': 'USD', 'value': 335.565260714286}, 'all_inclusive_amount': {'value': 3829.02665, 'currency': 'USD'}}], 'benefits': [], 'included_taxes_and_charges_amount': {'currency': 'USD', 'value': 800.22665}, 'net_amount': {'value': 3028.8, 'currency': 'USD'}}",40.7561871413388,247999114,"{'has_incalculable_charges': 0, 'all_inclusive_price': 3829.03, 'currency': 'USD', 'gross_price': 3829.03, 'has_fine_print_charges': 1, 'has_tax_exceptions': 0, 'sum_excluded_raw': '0.00'}",0.0,us,-73.9930352568626,0,"{'from': '', 'until': '12:00'}",in New York,0,,New York,USD,1,[],0,0,1,"1833,929,970,977,1174,2306,4338",1,Good,,0,Hotel,1,0,,182478,,"108,460,107,468,51,44,5,485,450,25,464,457,52,92,161,22,455,488,47,487,2,111,171,49,81,484,8,96,48,23,4,456,453,497,461,459,136,80,16,20,109,135,451,449,145,124,439,170,305,13,11,462,163",America/New_York,0,property_card,2177,United States of America,0,0,20088325,{'hotel_eligibility': 0},7.9,"Candlewood Suites NYC -Times Square, an IHG Hotel",0.0,https://cf.bstatic.com/xdata/images/hotel/max1280x900/247999114.jpg?k=3ba6755043e39117d7659c262efffbb44be3a1d7747d253ba6be488dc5c19b26&o=,https://cf.bstatic.com/xdata/images/hotel/1440x1440/247999114.jpg?k=3ba6755043e39117d7659c262efffbb44be3a1d7747d253ba6be488dc5c19b26&o=,,
14,New York (New York),us,King Room<br/><b>Hotel room</b>: 1 bed,0,NY 10018,0,"{'from': '16:00', 'until': ''}",Courtyard by Marriott Times Square West,1,[],property_card_543546,0,https://www.booking.com/hotel/us/new-york-manhattan-times-square-west.html,204,1.80,Hell's Kitchen,USD,New York (New York),0.55,,307 West 37th Street,en,1833,307 West 37th Street,['54354601_279647796_2_0_0'],https://cf.bstatic.com/xdata/images/hotel/square60/46408571.jpg?k=8b3c6213d92c39b3564d294d0f60bb22f53bad53dcfc440f28b3148f9b424477&o=,4.0,0,New York,1,5312.1235,"{'gross_amount': {'currency': 'USD', 'value': 5312.1235}, 'product_price_breakdowns': [{'gross_amount': {'currency': 'USD', 'value': 5312.1235}, 'items': [{'kind': 'charge', 'details': '14.75 % TAX', 'base': {'kind': 'percentage', 'percentage': 14.75}, 'name': 'TAX', 'item_amount': {'currency': 'USD', 'value': 676.5235}, 'inclusion_type': 'included'}, {'item_amount': {'currency': 'USD', 'value': 49}, 'name': 'City tax', 'base': {'base_amount': 3.5, 'kind': 'per_night'}, 'kind': 'charge', 'details': 'City tax', 'inclusion_type': 'included'}], 'all_inclusive_amount': {'currency': 'USD', 'value': 5312.1235}, 'excluded_amount': {'value': 0, 'currency': 'USD'}, 'net_amount': {'value': 4586.6, 'currency': 'USD'}, 'benefits': [], 'gross_amount_per_night': {'value': 379.437392857143, 'currency': 'USD'}, 'included_taxes_and_charges_amount': {'currency': 'USD', 'value': 725.5235}}], 'items': [{'item_amount': {'value': 676.5235, 'currency': 'USD'}, 'name': 'TAX', 'base': {'kind': 'percentage', 'percentage': 14.75}, 'details': '14.75 % TAX', 'kind': 'charge', 'inclusion_type': 'included'}, {'inclusion_type': 'included', 'kind': 'charge', 'details': 'City tax', 'name': 'City tax', 'base': {'kind': 'per_night', 'base_amount': 3.5}, 'item_amount': {'currency': 'USD', 'value': 49}}], 'net_amount': {'value': 4586.6, 'currency': 'USD'}, 'gross_amount_per_night': {'value': 379.437392857143, 'currency': 'USD'}, 'benefits': [], 'included_taxes_and_charges_amount': {'currency': 'USD', 'value': 725.5235}, 'all_inclusive_amount': {'value': 5312.1235, 'currency': 'USD'}, 'excluded_amount': {'currency': 'USD', 'value': 0}}",40.7544280215356,46408571,"{'currency': 'USD', 'has_incalculable_charges': 0, 'all_inclusive_price': 5312.12, 'sum_excluded_raw': '0.00', 'has_fine_print_charges': 0, 'has_tax_exceptions': 0, 'gross_price': 5312.12}",0.0,us,-73.9926168322563,0,"{'until': '12:00', 'from': ''}",in New York,0,1,New York,USD,1,[],0,0,1,"1833,929,970,977,1174,2306,4338",1,Excellent,,0,Hotel,1,0,,543546,,"448,91,51,64,468,467,447,423,108,25,464,436,425,450,493,457,458,485,111,253,224,81,49,28,466,420,455,22,6,494,488,48,490,3,418,23,453,456,484,8,101,472,222,14,158,80,16,207,459,492,461,204,422,451,449,20,407,109,419,117,305,203,452,206,124,145,421,439,11,143,219,462,205,7,78,13",America/New_York,0,property_card,1362,United States of America,0,0,20088325,{'hotel_eligibility': 0},8.6,Courtyard by Marriott Times Square West,0.0,https://cf.bstatic.com/xdata/images/hotel/max1280x900/46408571.jpg?k=8b3c6213d92c39b3564d294d0f60bb22f53bad53dcfc440f28b3148f9b424477&o=,https://cf.bstatic.com/xdata/images/hotel/1440x1440/46408571.jpg?k=8b3c6213d92c39b3564d294d0f60bb22f53bad53dcfc440f28b3148f9b424477&o=,,
15,New York (New York),us,King Room - Non-Smoking<br/><b>Hotel room</b>: 1 bed,0,NY 10018,0,"{'until': '', 'from': '15:00'}",La Quinta by Wyndham Time Square South,1,[],property_card_4925569,0,https://www.booking.com/hotel/us/la-quinta-by-wyndham-manhattan-midtown.html,204,1.70,Hell's Kitchen,USD,New York (New York),0.50,,333 West 38th Street,en,1833,333 West 38th Street,['492556903_246733691_2_1_0'],https://cf.bstatic.com/xdata/images/hotel/square60/249547598.jpg?k=f03f99a9e738b277bb6843c61fb7837abcc3f79a7d5359cb4973682229737992&o=,3.0,0,New York,1,4065.3418,"{'gross_amount': {'value': 4065.3418, 'currency': 'USD'}, 'items': [{'base': {'percentage': 14.75, 'kind': 'percentage'}, 'name': 'TAX', 'details': '14.75 % TAX', 'kind': 'charge', 'item_amount': {'value': 516.2618, 'currency': 'USD'}, 'inclusion_type': 'included'}, {'inclusion_type': 'included', 'base': {'base_amount': 3.5, 'kind': 'per_night'}, 'name': 'City tax', 'kind': 'charge', 'details': 'City tax', 'item_amount': {'value': 49, 'currency': 'USD'}}, {'inclusion_type': 'included', 'item_amount': {'currency': 'USD', 'value': 265.3}, 'base': {'kind': 'per_night', 'base_amount': 18.95}, 'name': 'Resort fee', 'kind': 'charge', 'details': 'Resort fee'}, {'inclusion_type': 'deposit', 'name': 'Damage deposit', 'base': {'kind': 'per_stay', 'base_amount': 100.0}, 'kind': 'charge', 'details': 'Damage deposit', 'item_amount': {'value': 100, 'currency': 'USD'}}], 'product_price_breakdowns': [{'items': [{'item_amount': {'currency': 'USD', 'value': 516.2618}, 'base': {'percentage': 14.75, 'kind': 'percentage'}, 'name': 'TAX', 'details': '14.75 % TAX', 'kind': 'charge', 'inclusion_type': 'included'}, {'inclusion_type': 'included', 'item_amount': {'value': 49, 'currency': 'USD'}, 'kind': 'charge', 'details': 'City tax', 'base': {'base_amount': 3.5, 'kind': 'per_night'}, 'name': 'City tax'}, {'inclusion_type': 'included', 'item_amount': {'value': 265.3, 'currency': 'USD'}, 'details': 'Resort fee', 'kind': 'charge', 'name': 'Resort fee', 'base': {'kind': 'per_night', 'base_amount': 18.95}}, {'kind': 'charge', 'details': 'Damage deposit', 'name': 'Damage deposit', 'base': {'kind': 'per_stay', 'base_amount': 100.0}, 'item_amount': {'value': 100, 'currency': 'USD'}, 'inclusion_type': 'deposit'}], 'gross_amount': {'value': 4065.3418, 'currency': 'USD'}, 'net_amount': {'value': 3234.78, 'currency': 'USD'}, 'included_taxes_and_charges_amount': {'currency': 'USD', 'value': 830.5618}, 'benefits': [], 'gross_amount_per_night': {'value': 290.381557142857, 'currency': 'USD'}, 'excluded_amount': {'currency': 'USD', 'value': 0}, 'all_inclusive_amount': {'value': 4065.3418, 'currency': 'USD'}}], 'all_inclusive_amount': {'value': 4065.3418, 'currency': 'USD'}, 'excluded_amount': {'currency': 'USD', 'value': 0}, 'net_amount': {'currency': 'USD', 'value': 3234.78}, 'benefits': [], 'gross_amount_per_night': {'currency': 'USD', 'value': 290.381557142857}, 'included_taxes_and_charges_amount': {'value': 830.5618, 'currency': 'USD'}}",40.75545,249547598,"{'currency': 'USD', 'all_inclusive_price': 4065.34, 'has_incalculable_charges': 0, 'has_fine_print_charges': 0, 'sum_excluded_raw': '0.00', 'has_tax_exceptions': 0, 'gross_price': 4065.34}",0.0,us,-73.99311,0,"{'from': '', 'until': '12:00'}",in New York,0,1,New York,USD,1,[],0,0,1,"1833,929,970,977,1174,2306,4338",1,Very Good,,0,Hotel,1,0,,4925569,,"486,107,91,51,468,467,495,423,108,454,464,436,25,444,450,425,457,458,485,5,487,2,49,81,455,466,446,89,47,488,96,48,445,424,453,456,23,4,484,181,8,472,16,80,158,207,459,492,461,204,422,449,451,20,109,177,117,305,452,499,124,145,421,143,163,462,180,13,489",America/New_York,0,property_card,801,United States of America,0,0,20088325,{'hotel_eligibility': 0},8.5,La Quinta by Wyndham Time Square South,,https://cf.bstatic.com/xdata/images/hotel/max1280x900/249547598.jpg?k=f03f99a9e738b277bb6843c61fb7837abcc3f79a7d5359cb4973682229737992&o=,https://cf.bstatic.com/xdata/images/hotel/1440x1440/249547598.jpg?k=f03f99a9e738b277bb6843c61fb7837abcc3f79a7d5359cb4973682229737992&o=,,Breakfast included
16,New York (New York),us,"Guest Room, 1 King<br/><b>Hotel room</b>: 1 bed",0,NY 10018,0,"{'from': '15:00', 'until': ''}",Element Times Square West,1,[],property_card_257313,0,https://www.booking.com/hotel/us/element-times-square.html,204,1.65,Hell's Kitchen,USD,New York (New York),0.40,,311 West 39th Street,en,1833,311 West 39th Street,['25731317_263241159_0_1_0'],https://cf.bstatic.com/xdata/images/hotel/square60/210631833.jpg?k=9c3c5f544bb6cd6fc4aa27f8e0327f63cbfa186b8db5069adba7809d405f4643&o=,4.0,0,New York,1,4401.4675,"{'product_price_breakdowns': [{'excluded_amount': {'currency': 'USD', 'value': 0}, 'all_inclusive_amount': {'currency': 'USD', 'value': 4401.4675}, 'benefits': [], 'gross_amount_per_night': {'currency': 'USD', 'value': 314.390535714286}, 'included_taxes_and_charges_amount': {'currency': 'USD', 'value': 608.4675}, 'net_amount': {'value': 3793, 'currency': 'USD'}, 'gross_amount': {'value': 4401.4675, 'currency': 'USD'}, 'items': [{'item_amount': {'value': 559.4675, 'currency': 'USD'}, 'name': 'TAX', 'base': {'percentage': 14.75, 'kind': 'percentage'}, 'details': '14.75 % TAX', 'kind': 'charge', 'inclusion_type': 'included'}, {'inclusion_type': 'included', 'item_amount': {'value': 49, 'currency': 'USD'}, 'name': 'City tax', 'base': {'kind': 'per_night', 'base_amount': 3.5}, 'kind': 'charge', 'details': 'City tax'}]}], 'items': [{'inclusion_type': 'included', 'name': 'TAX', 'base': {'percentage': 14.75, 'kind': 'percentage'}, 'details': '14.75 % TAX', 'kind': 'charge', 'item_amount': {'currency': 'USD', 'value': 559.4675}}, {'item_amount': {'currency': 'USD', 'value': 49}, 'kind': 'charge', 'details': 'City tax', 'name': 'City tax', 'base': {'kind': 'per_night', 'base_amount': 3.5}, 'inclusion_type': 'included'}], 'gross_amount': {'currency': 'USD', 'value': 4401.4675}, 'excluded_amount': {'currency': 'USD', 'value': 0}, 'all_inclusive_amount': {'value': 4401.4675, 'currency': 'USD'}, 'included_taxes_and_charges_amount': {'value': 608.4675, 'currency': 'USD'}, 'benefits': [], 'gross_amount_per_night': {'value': 314.390535714286, 'currency': 'USD'}, 'net_amount': {'value': 3793, 'currency': 'USD'}}",40.7557157716835,210631833,"{'currency': 'USD', 'all_inclusive_price': 4401.47, 'has_incalculable_charges': 0, 'has_fine_print_charges': 0, 'sum_excluded_raw': '0.00', 'has_tax_exceptions': 0, 'gross_price': 4401.47}",0.0,us,-73.9918007701635,0,"{'from': '', 'until': '12:00'}",in New York,0,,New York,USD,1,[],0,0,1,"1833,929,970,977,1174,2306,4338",1,Very Good,,0,Hotel,1,0,,257313,,"12,117,305,184,145,124,439,11,163,143,187,13,78,185,16,80,222,75,60,422,204,449,451,20,109,186,253,111,2,81,6,22,89,47,418,96,48,23,4,424,484,8,107,51,448,91,213,108,423,425,450,436,25,159,44,485",America/New_York,0,property_card,7445,United States of America,0,0,20088325,{'hotel_eligibility': 0},8.2,Element Times Square West,,https://cf.bstatic.com/xdata/images/hotel/max1280x900/210631833.jpg?k=9c3c5f544bb6cd6fc4aa27f8e0327f63cbfa186b8db5069adba7809d405f4643&o=,https://cf.bstatic.com/xdata/images/hotel/1440x1440/210631833.jpg?k=9c3c5f544bb6cd6fc4aa27f8e0327f63cbfa186b8db5069adba7809d405f4643&o=,,Breakfast included
17,New York (New York),us,King Studio with Sofa Bed<br/><b>Private studio – 29m²</b>: 2 beds • 1 bedroom • 1 bathroom,0,NY 10018,0,"{'from': '16:00', 'until': ''}",Residence Inn by Marriott New York Manhattan/Times Square,1,[],property_card_265391,0,https://www.booking.com/hotel/us/residence-inn-new-york-manhattan-times-square.html,204,1.75,Manhattan,USD,New York (New York),0.62,,1033 Avenue of the Americas,en,929,1033 Avenue of the Americas,['26539101_295607064_0_1_0'],https://cf.bstatic.com/xdata/images/hotel/square60/54885329.jpg?k=f8d9af50b8da2428ea5e019d1f35ae15a42caa1448e89360c6c31d0354ca840b&o=,4.0,0,New York,0,7060.685,"{'gross_amount': {'currency': 'USD', 'value': 7060.685}, 'items': [{'inclusion_type': 'included', 'item_amount': {'currency': 'USD', 'value': 897.685}, 'details': '14.75 % TAX', 'kind': 'charge', 'name': 'TAX', 'base': {'percentage': 14.75, 'kind': 'percentage'}}, {'item_amount': {'value': 77, 'currency': 'USD'}, 'kind': 'charge', 'details': 'City tax', 'name': 'City tax', 'base': {'base_amount': 5.5, 'kind': 'per_night'}, 'inclusion_type': 'included'}], 'product_price_breakdowns': [{'items': [{'item_amount': {'currency': 'USD', 'value': 897.685}, 'kind': 'charge', 'details': '14.75 % TAX', 'base': {'kind': 'percentage', 'percentage': 14.75}, 'name': 'TAX', 'inclusion_type': 'included'}, {'item_amount': {'value': 77, 'currency': 'USD'}, 'base': {'base_amount': 5.5, 'kind': 'per_night'}, 'name': 'City tax', 'details': 'City tax', 'kind': 'charge', 'inclusion_type': 'included'}], 'gross_amount': {'value': 7060.685, 'currency': 'USD'}, 'included_taxes_and_charges_amount': {'currency': 'USD', 'value': 974.685}, 'gross_amount_per_night': {'currency': 'USD', 'value': 504.334642857143}, 'benefits': [], 'net_amount': {'currency': 'USD', 'value': 6086}, 'excluded_amount': {'currency': 'USD', 'value': 0}, 'all_inclusive_amount': {'currency': 'USD', 'value': 7060.685}}], 'benefits': [], 'gross_amount_per_night': {'currency': 'USD', 'value': 504.334642857143}, 'included_taxes_and_charges_amount': {'value': 974.685, 'currency': 'USD'}, 'net_amount': {'currency': 'USD', 'value': 6086}, 'all_inclusive_amount': {'value': 7060.685, 'currency': 'USD'}, 'excluded_amount': {'value': 0, 'currency': 'USD'}}",40.7528884994968,54885329,"{'has_fine_print_charges': 1, 'has_tax_exceptions': 0, 'sum_excluded_raw': '0.00', 'gross_price': 7060.68, 'currency': 'USD', 'all_inclusive_price': 7060.68, 'has_incalculable_charges': 0}",0.0,us,-73.9858053624629,0,"{'until': '11:00', 'from': ''}",in New York,0,,New York,USD,1,[],0,0,1,"929,970,977,1174,2306",1,Very Good,,0,Hotel,1,0,,265391,,"468,57,91,51,448,107,108,467,457,159,52,161,493,450,25,436,44,28,81,111,2,47,89,494,22,6,455,4,23,456,453,48,96,490,3,8,179,181,80,16,101,451,449,147,109,20,184,305,439,145,124,163,462,134,143,11,7",America/New_York,0,property_card,2757,United States of America,0,0,20088325,{'hotel_eligibility': 0},8.3,Residence Inn by Marriott New York Manhattan/Times Square,,https://cf.bstatic.com/xdata/images/hotel/max1280x900/54885329.jpg?k=f8d9af50b8da2428ea5e019d1f35ae15a42caa1448e89360c6c31d0354ca840b&o=,https://cf.bstatic.com/xdata/images/hotel/1440x1440/54885329.jpg?k=f8d9af50b8da2428ea5e019d1f35ae15a42caa1448e89360c6c31d0354ca840b&o=,,Breakfast included
18,New York (New York),us,Superior Queen Room<br/><b>Hotel room</b>: 1 bed,0,NY 10036,0,"{'until': '', 'from': '15:00'}",Hotel Mela Times Square,1,"[{'text': 'Mobile-only price', 'badge_variant': 'constructive', 'id': 'mobile_price'}]",property_card_56110,0,https://www.booking.com/hotel/us/mela.html,204,1.35,Manhattan,USD,New York (New York),0.38,,120 West 44th Street,en,929,120 West 44th Street,['5611011_334029545_2_0_0'],https://cf.bstatic.com/xdata/images/hotel/square60/88780962.jpg?k=28ddecf773e892f399f7378a252d0847da6787a3e15b3553f6a6402c4790d0ac&o=,4.0,0,New York,0,3570.8005,"{'net_amount': {'currency': 'USD', 'value': 2818.8}, 'benefits': [{'identifier': 'mobile-rate', 'icon': None, 'badge_variant': 'constructive', 'name': 'Mobile-only price', 'kind': 'badge', 'details': 'You’re getting a reduced rate because this property is offering a discount when you book from a mobile device.'}], 'included_taxes_and_charges_amount': {'currency': 'USD', 'value': 752.0005}, 'gross_amount': {'value': 3570.8005, 'currency': 'USD'}, 'product_price_breakdowns': [{'discounted_amount': {'currency': 'USD', 'value': 1557.387}, 'items': [{'inclusion_type': 'included', 'item_amount': {'currency': 'USD', 'value': 423.0005}, 'base': {'percentage': 14.75, 'kind': 'percentage'}, 'name': 'TAX', 'kind': 'charge', 'details': '14.75 % TAX'}, {'details': 'City tax', 'kind': 'charge', 'base': {'kind': 'per_night', 'base_amount': 3.5}, 'name': 'City tax', 'item_amount': {'value': 49, 'currency': 'USD'}, 'inclusion_type': 'included'}, {'inclusion_type': 'included', 'name': 'Resort fee', 'base': {'base_amount': 20.0, 'kind': 'per_night'}, 'kind': 'charge', 'details': 'Resort fee', 'item_amount': {'value': 280, 'currency': 'USD'}}, {'identifier': 'basic-deal', 'name': 'Bonus savings', 'base': {'kind': 'rate'}, 'kind': 'discount', 'details': 'You’re getting a reduced rate because this property is offering a discount.', 'item_amount': {'currency': 'USD', 'value': 1197.99}}, {'name': 'Mobile-only price', 'base': {'kind': 'rate'}, 'details': ""You're getting a reduced rate because you're using our mobile site."", 'kind': 'discount', 'item_amount': {'value': 359.397, 'currency': 'USD'}, 'identifier': 'mobile-discount'}], 'gross_amount': {'currency': 'USD', 'value': 3570.8005}, 'strikethrough_amount': {'currency': 'USD', 'value': 5128.1875}, 'net_amount': {'value': 2818.8, 'currency': 'USD'}, 'included_taxes_and_charges_amount': {'value': 752.0005, 'currency': 'USD'}, 'benefits': [{'details': 'You’re getting a reduced rate because this property is offering a discount when you book from a mobile device.', 'kind': 'badge', 'name': 'Mobile-only price', 'identifier': 'mobile-rate', 'icon': None, 'badge_variant': 'constructive'}], 'gross_amount_per_night': {'value': 255.057178571429, 'currency': 'USD'}, 'all_inclusive_amount': {'currency': 'USD', 'value': 3570.8005}, 'strikethrough_amount_per_night': {'value': 366.299107142857, 'currency': 'USD'}, 'excluded_amount': {'currency': 'USD', 'value': 0}}], 'discounted_amount': {'value': 1557.387, 'currency': 'USD'}, 'all_inclusive_amount': {'currency': 'USD', 'value': 3570.8005}, 'strikethrough_amount_per_night': {'value': 366.299107142857, 'currency': 'USD'}, 'excluded_amount': {'currency': 'USD', 'value': 0}, 'strikethrough_amount': {'currency': 'USD', 'value': 5128.1875}, 'gross_amount_per_night': {'value': 255.057178571429, 'currency': 'USD'}, 'items': [{'base': {'kind': 'percentage', 'percentage': 14.75}, 'name': 'TAX', 'kind': 'charge', 'details': '14.75 % TAX', 'item_amount': {'value': 423.0005, 'currency': 'USD'}, 'inclusion_type': 'included'}, {'item_amount': {'value': 49, 'currency': 'USD'}, 'base': {'base_amount': 3.5, 'kind': 'per_night'}, 'name': 'City tax', 'kind': 'charge', 'details': 'City tax', 'inclusion_type': 'included'}, {'item_amount': {'value': 280, 'currency': 'USD'}, 'name': 'Resort fee', 'base': {'base_amount': 20.0, 'kind': 'per_night'}, 'details': 'Resort fee', 'kind': 'charge', 'inclusion_type': 'included'}, {'identifier': 'basic-deal', 'base': {'kind': 'rate'}, 'name': 'Bonus savings', 'kind': 'discount', 'details': 'You’re getting a reduced rate because this property is offering a discount.', 'item_amount': {'value': 1197.99, 'currency': 'USD'}}, {'item_amount': {'currency': 'USD', 'value': 359.397}, 'details': ""You're getting a reduced rate because you're using our mobile site."", 'kind': 'discount', 'name': 'Mobile-only price', 'base': {'kind': 'rate'}, 'identifier': 'mobile-discount'}]}",40.7565152695353,88780962,"{'currency': 'USD', 'has_incalculable_charges': 0, 'all_inclusive_price': 3570.8, 'has_tax_exceptions': 0, 'has_fine_print_charges': 1, 'sum_excluded_raw': '0.00', 'gross_price': '3570.80'}",359.397,us,-73.9843368530273,0,"{'from': '', 'until': '12:00'}",in New York,0,,New York,USD,1,[],1,0,1,"929,970,981,1174,2306",1,Good,,0,Hotel,0,0,,56110,,"462,442,7,305,184,419,439,421,124,211,449,451,422,109,186,16,80,185,441,4,424,445,490,48,8,181,179,49,2,494,446,443,22,455,420,496,493,161,450,425,444,436,464,25,64,468,448,51,108,423",America/New_York,0,property_card,703,United States of America,0,0,20088325,{'hotel_eligibility': 0},7.6,Hotel Mela Times Square,0.0,https://cf.bstatic.com/xdata/images/hotel/max1280x900/88780962.jpg?k=28ddecf773e892f399f7378a252d0847da6787a3e15b3553f6a6402c4790d0ac&o=,https://cf.bstatic.com/xdata/images/hotel/1440x1440/88780962.jpg?k=28ddecf773e892f399f7378a252d0847da6787a3e15b3553f6a6402c4790d0ac&o=,Only 1 left at this price on Booking.com,
19,New York,us,King Urban<br/><b>Hotel room</b>: 1 bed,0,10018,0,"{'until': '00:00', 'from': '15:00'}",Arlo Midtown,1,"[{'text': 'Mobile-only price', 'id': 'mobile_price', 'badge_variant': 'constructive'}]",property_card_6940278,0,https://www.booking.com/hotel/us/arlo-midtown.html,204,1.70,Hell's Kitchen,USD,New York,0.54,,351 West 38th Street,en,1833,351 West 38th Street,['694027803_285569018_2_0_0'],https://cf.bstatic.com/xdata/images/hotel/square60/302175409.jpg?k=5897d1cd223447a7e24b9edad4abe1bc80085dde4e2c87ed641284c341d0f65e&o=,4.0,0,New York,1,5054.854,"{'strikethrough_amount_per_night': {'currency': 'USD', 'value': 398.24}, 'all_inclusive_amount': {'currency': 'USD', 'value': 5054.854}, 'excluded_amount': {'currency': 'USD', 'value': 0}, 'strikethrough_amount': {'value': 5575.36, 'currency': 'USD'}, 'gross_amount_per_night': {'currency': 'USD', 'value': 361.061}, 'items': [{'inclusion_type': 'included', 'base': {'kind': 'percentage', 'percentage': 14.75}, 'name': 'TAX', 'details': '14.75 % TAX', 'kind': 'charge', 'item_amount': {'value': 643.454, 'currency': 'USD'}}, {'name': 'City tax', 'base': {'kind': 'per_night', 'base_amount': 3.5}, 'details': 'City tax', 'kind': 'charge', 'item_amount': {'value': 49, 'currency': 'USD'}, 'inclusion_type': 'included'}, {'item_amount': {'currency': 'USD', 'value': 280}, 'details': 'Resort fee', 'kind': 'charge', 'base': {'kind': 'per_night', 'base_amount': 20.0}, 'name': 'Resort fee', 'inclusion_type': 'included'}, {'identifier': 'mobile-discount', 'kind': 'discount', 'details': ""You're getting a reduced rate because you're using our mobile site."", 'base': {'kind': 'rate'}, 'name': 'Mobile-only price', 'item_amount': {'value': 520.505999999999, 'currency': 'USD'}}], 'net_amount': {'currency': 'USD', 'value': 4082.4}, 'included_taxes_and_charges_amount': {'currency': 'USD', 'value': 972.454}, 'benefits': [{'badge_variant': 'constructive', 'icon': None, 'identifier': 'mobile-rate', 'kind': 'badge', 'details': 'You’re getting a reduced rate because this property is offering a discount when you book from a mobile device.', 'name': 'Mobile-only price'}], 'product_price_breakdowns': [{'gross_amount': {'currency': 'USD', 'value': 5054.854}, 'items': [{'item_amount': {'value': 643.454, 'currency': 'USD'}, 'name': 'TAX', 'base': {'percentage': 14.75, 'kind': 'percentage'}, 'details': '14.75 % TAX', 'kind': 'charge', 'inclusion_type': 'included'}, {'name': 'City tax', 'base': {'kind': 'per_night', 'base_amount': 3.5}, 'kind': 'charge', 'details': 'City tax', 'item_amount': {'currency': 'USD', 'value': 49}, 'inclusion_type': 'included'}, {'inclusion_type': 'included', 'item_amount': {'currency': 'USD', 'value': 280}, 'base': {'base_amount': 20.0, 'kind': 'per_night'}, 'name': 'Resort fee', 'kind': 'charge', 'details': 'Resort fee'}, {'identifier': 'mobile-discount', 'item_amount': {'value': 520.505999999999, 'currency': 'USD'}, 'name': 'Mobile-only price', 'base': {'kind': 'rate'}, 'details': ""You're getting a reduced rate because you're using our mobile site."", 'kind': 'discount'}], 'discounted_amount': {'currency': 'USD', 'value': 520.505999999999}, 'strikethrough_amount_per_night': {'value': 398.24, 'currency': 'USD'}, 'excluded_amount': {'currency': 'USD', 'value': 0}, 'all_inclusive_amount': {'value': 5054.854, 'currency': 'USD'}, 'benefits': [{'details': 'You’re getting a reduced rate because this property is offering a discount when you book from a mobile device.', 'kind': 'badge', 'name': 'Mobile-only price', 'badge_variant': 'constructive', 'icon': None, 'identifier': 'mobile-rate'}], 'gross_amount_per_night': {'value': 361.061, 'currency': 'USD'}, 'included_taxes_and_charges_amount': {'value': 972.454, 'currency': 'USD'}, 'net_amount': {'currency': 'USD', 'value': 4082.4}, 'strikethrough_amount': {'value': 5575.36, 'currency': 'USD'}}], 'gross_amount': {'currency': 'USD', 'value': 5054.854}, 'discounted_amount': {'value': 520.505999999999, 'currency': 'USD'}}",40.755763,302175409,"{'all_inclusive_price': 5054.85, 'has_incalculable_charges': 0, 'currency': 'USD', 'gross_price': 5054.85, 'has_fine_print_charges': 0, 'has_tax_exceptions': 0, 'sum_excluded_raw': '0.00'}",520.505999999999,us,-73.993859,0,"{'until': '12:00', 'from': '00:00'}",in New York,0,,New York,USD,1,"[{'icon_name': 'bui_clean', 'text': '\u200eCleanliness 9.2\u202c', 'icon_set': None}]",1,0,1,"1833,929,970,977,1174,2306,4338",1,Excellent,,0,Hotel,1,0,,6940278,,"44,485,457,454,426,460,483,468,91,484,8,490,67,437,453,446,22,455,420,41,253,474,81,49,15,20,109,186,422,212,461,459,505,75,80,158,222,127,188,143,124,145,211,206,421,479,117,305,450,444,425,436,25,447,467,108,423,486,51,478,3,48,465,456,23,424,445,6,488,43,407,175,204,449,451,185,16,7,187,11,205,134,219,452,203,419",America/New_York,0,property_card,506,United States of America,0,0,20088325,{'hotel_eligibility': 0},8.9,Arlo Midtown,0.0,https://cf.bstatic.com/xdata/images/hotel/max1280x900/302175409.jpg?k=5897d1cd223447a7e24b9edad4abe1bc80085dde4e2c87ed641284c341d0f65e&o=,https://cf.bstatic.com/xdata/images/hotel/1440x1440/302175409.jpg?k=5897d1cd223447a7e24b9edad4abe1bc80085dde4e2c87ed641284c341d0f65e&o=,,
